[2026-04-27 16:25:14] local.ERROR: Please provide a valid cache path. {"exception":"[object] (InvalidArgumentException(code: 0): Please provide a valid cache path. at D:/Dokumen Sekolah 12/PKL/upj_tsm_k9/vendor/laravel/framework/src/Illuminate/View/Compilers/Compiler.php:67)
[stacktrace]
#0 D:/Dokumen Sekolah 12/PKL/upj_tsm_k9/vendor/laravel/framework/src/Illuminate/View/ViewServiceProvider.php(97): Illuminate/View/Compilers/Compiler->__construct(Object(Illuminate/Filesystem/Filesystem), false, '', true, 'php')
#1 D:/Dokumen Sekolah 12/PKL/upj_tsm_k9/vendor/laravel/framework/src/Illuminate/Container/Container.php(952): Illuminate/View/ViewServiceProvider->Illuminate/View/{closure}(Object(Illuminate/Foundation/Application), Array)
#2 D:/Dokumen Sekolah 12/PKL/upj_tsm_k9/vendor/laravel/framework/src/Illuminate/Container/Container.php(832): Illuminate/Container/Container->build(Object(Closure))
#3 D:/Dokumen Sekolah 12/PKL/upj_tsm_k9/vendor/laravel/framework/src/Illuminate/Foundation/Application.php(1078): Illuminate/Container/Container->resolve('blade.compiler', Array, true)
#4 D:/Dokumen Sekolah 12/PKL/upj_tsm_k9/vendor/laravel/framework/src/Illuminate/Container/Container.php(763): Illuminate/Foundation/Application->resolve('blade.compiler', Array)
#5 D:/Dokumen Sekolah 12/PKL/upj_tsm_k9/vendor/laravel/framework/src/Illuminate/Foundation/Application.php(1058): Illuminate/Container/Container->make('blade.compiler', Array)
#6 D:/Dokumen Sekolah 12/PKL/upj_tsm_k9/vendor/laravel/framework/src/Illuminate/Foundation/helpers.php(124): Illuminate/Foundation/Application->make('blade.compiler', Array)
#7 D:/Dokumen Sekolah 12/PKL/upj_tsm_k9/vendor/livewire/livewire/src/LivewireServiceProvider.php(133): app('blade.compiler')
#8 D:/Dokumen Sekolah 12/PKL/upj_tsm_k9/vendor/livewire/livewire/src/LivewireServiceProvider.php(23): Livewire/LivewireServiceProvider->bootConfig()
#9 D:/Dokumen Sekolah 12/PKL/upj_tsm_k9/vendor/laravel/framework/src/Illuminate/Container/BoundMethod.php(36): Livewire/LivewireServiceProvider->boot()
#10 D:/Dokumen Sekolah 12/PKL/upj_tsm_k9/vendor/laravel/framework/src/Illuminate/Container/Util.php(43): Illuminate/Container/BoundMethod::Illuminate/Container/{closure}()
#11 D:/Dokumen Sekolah 12/PKL/upj_tsm_k9/vendor/laravel/framework/src/Illuminate/Container/BoundMethod.php(95): Illuminate/Container/Util::unwrapIfClosure(Object(Closure))
#12 D:/Dokumen Sekolah 12/PKL/upj_tsm_k9/vendor/laravel/framework/src/Illuminate/Container/BoundMethod.php(35): Illuminate/Container/BoundMethod::callBoundMethod(Object(Illuminate/Foundation/Application), Array, Object(Closure))
#13 D:/Dokumen Sekolah 12/PKL/upj_tsm_k9/vendor/laravel/framework/src/Illuminate/Container/Container.php(696): Illuminate/Container/BoundMethod::call(Object(Illuminate/Foundation/Application), Array, Array, NULL)
#14 D:/Dokumen Sekolah 12/PKL/upj_tsm_k9/vendor/laravel/framework/src/Illuminate/Foundation/Application.php(1151): Illuminate/Container/Container->call(Array)
#15 D:/Dokumen Sekolah 12/PKL/upj_tsm_k9/vendor/laravel/framework/src/Illuminate/Foundation/Application.php(1132): Illuminate/Foundation/Application->bootProvider(Object(Livewire/LivewireServiceProvider))
#16 [internal function]: Illuminate/Foundation/Application->Illuminate/Foundation/{closure}(Object(Livewire/LivewireServiceProvider), 'Livewire//Livewi...')
#17 D:/Dokumen Sekolah 12/PKL/upj_tsm_k9/vendor/laravel/framework/src/Illuminate/Foundation/Application.php(1131): array_walk(Array, Object(Closure))
#18 D:/Dokumen Sekolah 12/PKL/upj_tsm_k9/vendor/laravel/framework/src/Illuminate/Foundation/Bootstrap/BootProviders.php(17): Illuminate/Foundation/Application->boot()
#19 D:/Dokumen Sekolah 12/PKL/upj_tsm_k9/vendor/laravel/framework/src/Illuminate/Foundation/Application.php(342): Illuminate/Foundation/Bootstrap/BootProviders->bootstrap(Object(Illuminate/Foundation/Application))
#20 D:/Dokumen Sekolah 12/PKL/upj_tsm_k9/vendor/laravel/framework/src/Illuminate/Foundation/Console/Kernel.php(474): Illuminate/Foundation/Application->bootstrapWith(Array)
#21 D:/Dokumen Sekolah 12/PKL/upj_tsm_k9/vendor/laravel/framework/src/Illuminate/Foundation/Console/Kernel.php(196): Illuminate/Foundation/Console/Kernel->bootstrap()
#22 D:/Dokumen Sekolah 12/PKL/upj_tsm_k9/vendor/laravel/framework/src/Illuminate/Foundation/Application.php(1235): Illuminate/Foundation/Console/Kernel->handle(Object(Symfony/Component/Console/Input/ArgvInput), Object(Symfony/Component/Console/Output/ConsoleOutput))
#23 D:/Dokumen Sekolah 12/PKL/upj_tsm_k9/artisan(13): Illuminate/Foundation/Application->handleCommand(Object(Symfony/Component/Console/Input/ArgvInput))
#24 {main}
"} 
[2026-04-27 16:26:00] local.ERROR: Please provide a valid cache path. {"exception":"[object] (InvalidArgumentException(code: 0): Please provide a valid cache path. at D:/Dokumen Sekolah 12/PKL/upj_tsm_k9/vendor/laravel/framework/src/Illuminate/View/Compilers/Compiler.php:67)
[stacktrace]
#0 D:/Dokumen Sekolah 12/PKL/upj_tsm_k9/vendor/laravel/framework/src/Illuminate/View/ViewServiceProvider.php(97): Illuminate/View/Compilers/Compiler->__construct(Object(Illuminate/Filesystem/Filesystem), false, '', true, 'php')
#1 D:/Dokumen Sekolah 12/PKL/upj_tsm_k9/vendor/laravel/framework/src/Illuminate/Container/Container.php(952): Illuminate/View/ViewServiceProvider->Illuminate/View/{closure}(Object(Illuminate/Foundation/Application), Array)
#2 D:/Dokumen Sekolah 12/PKL/upj_tsm_k9/vendor/laravel/framework/src/Illuminate/Container/Container.php(832): Illuminate/Container/Container->build(Object(Closure))
#3 D:/Dokumen Sekolah 12/PKL/upj_tsm_k9/vendor/laravel/framework/src/Illuminate/Foundation/Application.php(1078): Illuminate/Container/Container->resolve('blade.compiler', Array, true)
#4 D:/Dokumen Sekolah 12/PKL/upj_tsm_k9/vendor/laravel/framework/src/Illuminate/Container/Container.php(763): Illuminate/Foundation/Application->resolve('blade.compiler', Array)
#5 D:/Dokumen Sekolah 12/PKL/upj_tsm_k9/vendor/laravel/framework/src/Illuminate/Foundation/Application.php(1058): Illuminate/Container/Container->make('blade.compiler', Array)
#6 D:/Dokumen Sekolah 12/PKL/upj_tsm_k9/vendor/laravel/framework/src/Illuminate/Foundation/helpers.php(124): Illuminate/Foundation/Application->make('blade.compiler', Array)
#7 D:/Dokumen Sekolah 12/PKL/upj_tsm_k9/vendor/livewire/livewire/src/LivewireServiceProvider.php(133): app('blade.compiler')
#8 D:/Dokumen Sekolah 12/PKL/upj_tsm_k9/vendor/livewire/livewire/src/LivewireServiceProvider.php(23): Livewire/LivewireServiceProvider->bootConfig()
#9 D:/Dokumen Sekolah 12/PKL/upj_tsm_k9/vendor/laravel/framework/src/Illuminate/Container/BoundMethod.php(36): Livewire/LivewireServiceProvider->boot()
#10 D:/Dokumen Sekolah 12/PKL/upj_tsm_k9/vendor/laravel/framework/src/Illuminate/Container/Util.php(43): Illuminate/Container/BoundMethod::Illuminate/Container/{closure}()
#11 D:/Dokumen Sekolah 12/PKL/upj_tsm_k9/vendor/laravel/framework/src/Illuminate/Container/BoundMethod.php(95): Illuminate/Container/Util::unwrapIfClosure(Object(Closure))
#12 D:/Dokumen Sekolah 12/PKL/upj_tsm_k9/vendor/laravel/framework/src/Illuminate/Container/BoundMethod.php(35): Illuminate/Container/BoundMethod::callBoundMethod(Object(Illuminate/Foundation/Application), Array, Object(Closure))
#13 D:/Dokumen Sekolah 12/PKL/upj_tsm_k9/vendor/laravel/framework/src/Illuminate/Container/Container.php(696): Illuminate/Container/BoundMethod::call(Object(Illuminate/Foundation/Application), Array, Array, NULL)
#14 D:/Dokumen Sekolah 12/PKL/upj_tsm_k9/vendor/laravel/framework/src/Illuminate/Foundation/Application.php(1151): Illuminate/Container/Container->call(Array)
#15 D:/Dokumen Sekolah 12/PKL/upj_tsm_k9/vendor/laravel/framework/src/Illuminate/Foundation/Application.php(1132): Illuminate/Foundation/Application->bootProvider(Object(Livewire/LivewireServiceProvider))
#16 [internal function]: Illuminate/Foundation/Application->Illuminate/Foundation/{closure}(Object(Livewire/LivewireServiceProvider), 'Livewire//Livewi...')
#17 D:/Dokumen Sekolah 12/PKL/upj_tsm_k9/vendor/laravel/framework/src/Illuminate/Foundation/Application.php(1131): array_walk(Array, Object(Closure))
#18 D:/Dokumen Sekolah 12/PKL/upj_tsm_k9/vendor/laravel/framework/src/Illuminate/Foundation/Bootstrap/BootProviders.php(17): Illuminate/Foundation/Application->boot()
#19 D:/Dokumen Sekolah 12/PKL/upj_tsm_k9/vendor/laravel/framework/src/Illuminate/Foundation/Application.php(342): Illuminate/Foundation/Bootstrap/BootProviders->bootstrap(Object(Illuminate/Foundation/Application))
#20 D:/Dokumen Sekolah 12/PKL/upj_tsm_k9/vendor/laravel/framework/src/Illuminate/Foundation/Console/Kernel.php(474): Illuminate/Foundation/Application->bootstrapWith(Array)
#21 D:/Dokumen Sekolah 12/PKL/upj_tsm_k9/vendor/laravel/framework/src/Illuminate/Foundation/Console/Kernel.php(196): Illuminate/Foundation/Console/Kernel->bootstrap()
#22 D:/Dokumen Sekolah 12/PKL/upj_tsm_k9/vendor/laravel/framework/src/Illuminate/Foundation/Application.php(1235): Illuminate/Foundation/Console/Kernel->handle(Object(Symfony/Component/Console/Input/ArgvInput), Object(Symfony/Component/Console/Output/ConsoleOutput))
#23 D:/Dokumen Sekolah 12/PKL/upj_tsm_k9/artisan(13): Illuminate/Foundation/Application->handleCommand(Object(Symfony/Component/Console/Input/ArgvInput))
#24 {main}
"} 
[2026-04-27 16:26:25] local.ERROR: Please provide a valid cache path. {"exception":"[object] (InvalidArgumentException(code: 0): Please provide a valid cache path. at D:/Dokumen Sekolah 12/PKL/upj_tsm_k9/vendor/laravel/framework/src/Illuminate/View/Compilers/Compiler.php:67)
[stacktrace]
#0 D:/Dokumen Sekolah 12/PKL/upj_tsm_k9/vendor/laravel/framework/src/Illuminate/View/ViewServiceProvider.php(97): Illuminate/View/Compilers/Compiler->__construct(Object(Illuminate/Filesystem/Filesystem), false, '', true, 'php')
#1 D:/Dokumen Sekolah 12/PKL/upj_tsm_k9/vendor/laravel/framework/src/Illuminate/Container/Container.php(952): Illuminate/View/ViewServiceProvider->Illuminate/View/{closure}(Object(Illuminate/Foundation/Application), Array)
#2 D:/Dokumen Sekolah 12/PKL/upj_tsm_k9/vendor/laravel/framework/src/Illuminate/Container/Container.php(832): Illuminate/Container/Container->build(Object(Closure))
#3 D:/Dokumen Sekolah 12/PKL/upj_tsm_k9/vendor/laravel/framework/src/Illuminate/Foundation/Application.php(1078): Illuminate/Container/Container->resolve('blade.compiler', Array, true)
#4 D:/Dokumen Sekolah 12/PKL/upj_tsm_k9/vendor/laravel/framework/src/Illuminate/Container/Container.php(763): Illuminate/Foundation/Application->resolve('blade.compiler', Array)
#5 D:/Dokumen Sekolah 12/PKL/upj_tsm_k9/vendor/laravel/framework/src/Illuminate/Foundation/Application.php(1058): Illuminate/Container/Container->make('blade.compiler', Array)
#6 D:/Dokumen Sekolah 12/PKL/upj_tsm_k9/vendor/laravel/framework/src/Illuminate/Foundation/helpers.php(124): Illuminate/Foundation/Application->make('blade.compiler', Array)
#7 D:/Dokumen Sekolah 12/PKL/upj_tsm_k9/vendor/livewire/livewire/src/LivewireServiceProvider.php(133): app('blade.compiler')
#8 D:/Dokumen Sekolah 12/PKL/upj_tsm_k9/vendor/livewire/livewire/src/LivewireServiceProvider.php(23): Livewire/LivewireServiceProvider->bootConfig()
#9 D:/Dokumen Sekolah 12/PKL/upj_tsm_k9/vendor/laravel/framework/src/Illuminate/Container/BoundMethod.php(36): Livewire/LivewireServiceProvider->boot()
#10 D:/Dokumen Sekolah 12/PKL/upj_tsm_k9/vendor/laravel/framework/src/Illuminate/Container/Util.php(43): Illuminate/Container/BoundMethod::Illuminate/Container/{closure}()
#11 D:/Dokumen Sekolah 12/PKL/upj_tsm_k9/vendor/laravel/framework/src/Illuminate/Container/BoundMethod.php(95): Illuminate/Container/Util::unwrapIfClosure(Object(Closure))
#12 D:/Dokumen Sekolah 12/PKL/upj_tsm_k9/vendor/laravel/framework/src/Illuminate/Container/BoundMethod.php(35): Illuminate/Container/BoundMethod::callBoundMethod(Object(Illuminate/Foundation/Application), Array, Object(Closure))
#13 D:/Dokumen Sekolah 12/PKL/upj_tsm_k9/vendor/laravel/framework/src/Illuminate/Container/Container.php(696): Illuminate/Container/BoundMethod::call(Object(Illuminate/Foundation/Application), Array, Array, NULL)
#14 D:/Dokumen Sekolah 12/PKL/upj_tsm_k9/vendor/laravel/framework/src/Illuminate/Foundation/Application.php(1151): Illuminate/Container/Container->call(Array)
#15 D:/Dokumen Sekolah 12/PKL/upj_tsm_k9/vendor/laravel/framework/src/Illuminate/Foundation/Application.php(1132): Illuminate/Foundation/Application->bootProvider(Object(Livewire/LivewireServiceProvider))
#16 [internal function]: Illuminate/Foundation/Application->Illuminate/Foundation/{closure}(Object(Livewire/LivewireServiceProvider), 'Livewire//Livewi...')
#17 D:/Dokumen Sekolah 12/PKL/upj_tsm_k9/vendor/laravel/framework/src/Illuminate/Foundation/Application.php(1131): array_walk(Array, Object(Closure))
#18 D:/Dokumen Sekolah 12/PKL/upj_tsm_k9/vendor/laravel/framework/src/Illuminate/Foundation/Bootstrap/BootProviders.php(17): Illuminate/Foundation/Application->boot()
#19 D:/Dokumen Sekolah 12/PKL/upj_tsm_k9/vendor/laravel/framework/src/Illuminate/Foundation/Application.php(342): Illuminate/Foundation/Bootstrap/BootProviders->bootstrap(Object(Illuminate/Foundation/Application))
#20 D:/Dokumen Sekolah 12/PKL/upj_tsm_k9/vendor/laravel/framework/src/Illuminate/Foundation/Console/Kernel.php(474): Illuminate/Foundation/Application->bootstrapWith(Array)
#21 D:/Dokumen Sekolah 12/PKL/upj_tsm_k9/vendor/laravel/framework/src/Illuminate/Foundation/Console/Kernel.php(196): Illuminate/Foundation/Console/Kernel->bootstrap()
#22 D:/Dokumen Sekolah 12/PKL/upj_tsm_k9/vendor/laravel/framework/src/Illuminate/Foundation/Application.php(1235): Illuminate/Foundation/Console/Kernel->handle(Object(Symfony/Component/Console/Input/ArgvInput), Object(Symfony/Component/Console/Output/ConsoleOutput))
#23 D:/Dokumen Sekolah 12/PKL/upj_tsm_k9/artisan(13): Illuminate/Foundation/Application->handleCommand(Object(Symfony/Component/Console/Input/ArgvInput))
#24 {main}
"} 
[2026-04-27 16:27:53] local.ERROR: The "--v" option does not exist. {"exception":"[object] (Symfony\\Component\\Console\\Exception\\RuntimeException(code: 0): The \"--v\" option does not exist. at D:/Dokumen Sekolah 12/PKL/upj_tsm_k9/vendor/symfony/console/Input/ArgvInput.php:226)
[stacktrace]
#0 D:/Dokumen Sekolah 12/PKL/upj_tsm_k9/vendor/symfony/console/Input/ArgvInput.php(155): Symfony/Component/Console/Input/ArgvInput->addLongOption('v', NULL)
#1 D:/Dokumen Sekolah 12/PKL/upj_tsm_k9/vendor/symfony/console/Input/ArgvInput.php(88): Symfony/Component/Console/Input/ArgvInput->parseLongOption('--v')
#2 D:/Dokumen Sekolah 12/PKL/upj_tsm_k9/vendor/symfony/console/Input/ArgvInput.php(77): Symfony/Component/Console/Input/ArgvInput->parseToken('--v', true)
#3 D:/Dokumen Sekolah 12/PKL/upj_tsm_k9/vendor/symfony/console/Input/Input.php(53): Symfony/Component/Console/Input/ArgvInput->parse()
#4 D:/Dokumen Sekolah 12/PKL/upj_tsm_k9/vendor/symfony/console/Command/Command.php(295): Symfony/Component/Console/Input/Input->bind(Object(Symfony/Component/Console/Input/InputDefinition))
#5 D:/Dokumen Sekolah 12/PKL/upj_tsm_k9/vendor/symfony/console/Application.php(1102): Symfony/Component/Console/Command/Command->run(Object(Symfony/Component/Console/Input/ArgvInput), Object(Symfony/Component/Console/Output/ConsoleOutput))
#6 D:/Dokumen Sekolah 12/PKL/upj_tsm_k9/vendor/symfony/console/Application.php(356): Symfony/Component/Console/Application->doRunCommand(Object(Symfony/Component/Console/Command/ListCommand), Object(Symfony/Component/Console/Input/ArgvInput), Object(Symfony/Component/Console/Output/ConsoleOutput))
#7 D:/Dokumen Sekolah 12/PKL/upj_tsm_k9/vendor/symfony/console/Application.php(195): Symfony/Component/Console/Application->doRun(Object(Symfony/Component/Console/Input/ArgvInput), Object(Symfony/Component/Console/Output/ConsoleOutput))
#8 D:/Dokumen Sekolah 12/PKL/upj_tsm_k9/vendor/laravel/framework/src/Illuminate/Foundation/Console/Kernel.php(198): Symfony/Component/Console/Application->run(Object(Symfony/Component/Console/Input/ArgvInput), Object(Symfony/Component/Console/Output/ConsoleOutput))
#9 D:/Dokumen Sekolah 12/PKL/upj_tsm_k9/vendor/laravel/framework/src/Illuminate/Foundation/Application.php(1235): Illuminate/Foundation/Console/Kernel->handle(Object(Symfony/Component/Console/Input/ArgvInput), Object(Symfony/Component/Console/Output/ConsoleOutput))
#10 D:/Dokumen Sekolah 12/PKL/upj_tsm_k9/artisan(13): Illuminate/Foundation/Application->handleCommand(Object(Symfony/Component/Console/Input/ArgvInput))
#11 {main}
"} 
[2026-04-27 17:56:36] local.ERROR: Unable to call component method. Public method [resetValidation] not found on component {"userId":6,"exception":"[object] (Livewire\\Exceptions\\MethodNotFoundException(code: 0): Unable to call component method. Public method [resetValidation] not found on component at D:/Dokumen Sekolah 12/PKL/upj_tsm_k9/vendor/livewire/livewire/src/Mechanisms/HandleComponents/HandleComponents.php:656)
[stacktrace]
#0 D:/Dokumen Sekolah 12/PKL/upj_tsm_k9/vendor/livewire/livewire/src/Mechanisms/HandleComponents/HandleComponents.php(239): Livewire/Mechanisms/HandleComponents/HandleComponents->callMethods(Object(App/Livewire/InventoryTable), Array, Object(Livewire/Mechanisms/HandleComponents/ComponentContext))
#1 D:/Dokumen Sekolah 12/PKL/upj_tsm_k9/vendor/livewire/livewire/src/LivewireManager.php(131): Livewire/Mechanisms/HandleComponents/HandleComponents->update(Array, Array, Array)
#2 D:/Dokumen Sekolah 12/PKL/upj_tsm_k9/vendor/livewire/livewire/src/Mechanisms/HandleRequests/HandleRequests.php(190): Livewire/LivewireManager->update(Array, Array, Array)
#3 D:/Dokumen Sekolah 12/PKL/upj_tsm_k9/vendor/laravel/framework/src/Illuminate/Routing/ControllerDispatcher.php(47): Livewire/Mechanisms/HandleRequests/HandleRequests->handleUpdate()
#4 D:/Dokumen Sekolah 12/PKL/upj_tsm_k9/vendor/laravel/framework/src/Illuminate/Routing/Route.php(266): Illuminate/Routing/ControllerDispatcher->dispatch(Object(Illuminate/Routing/Route), Object(Livewire/Mechanisms/HandleRequests/HandleRequests), 'handleUpdate')
#5 D:/Dokumen Sekolah 12/PKL/upj_tsm_k9/vendor/laravel/framework/src/Illuminate/Routing/Route.php(212): Illuminate/Routing/Route->runController()
#6 D:/Dokumen Sekolah 12/PKL/upj_tsm_k9/vendor/laravel/framework/src/Illuminate/Routing/Router.php(808): Illuminate/Routing/Route->run()
#7 D:/Dokumen Sekolah 12/PKL/upj_tsm_k9/vendor/laravel/framework/src/Illuminate/Pipeline/Pipeline.php(170): Illuminate/Routing/Router->Illuminate/Routing/{closure}(Object(Illuminate/Http/Request))
#8 D:/Dokumen Sekolah 12/PKL/upj_tsm_k9/vendor/livewire/livewire/src/Mechanisms/HandleRequests/RequireLivewireHeaders.php(19): Illuminate/Pipeline/Pipeline->Illuminate/Pipeline/{closure}(Object(Illuminate/Http/Request))
#9 D:/Dokumen Sekolah 12/PKL/upj_tsm_k9/vendor/laravel/framework/src/Illuminate/Pipeline/Pipeline.php(209): Livewire/Mechanisms/HandleRequests/RequireLivewireHeaders->handle(Object(Illuminate/Http/Request), Object(Closure))
#10 D:/Dokumen Sekolah 12/PKL/upj_tsm_k9/app/Http/Middleware/SecurityHeaders.php(13): Illuminate/Pipeline/Pipeline->Illuminate/Pipeline/{closure}(Object(Illuminate/Http/Request))
#11 D:/Dokumen Sekolah 12/PKL/upj_tsm_k9/vendor/laravel/framework/src/Illuminate/Pipeline/Pipeline.php(209): App/Http/Middleware/SecurityHeaders->handle(Object(Illuminate/Http/Request), Object(Closure))
#12 D:/Dokumen Sekolah 12/PKL/upj_tsm_k9/vendor/laravel/framework/src/Illuminate/Routing/Middleware/SubstituteBindings.php(51): Illuminate/Pipeline/Pipeline->Illuminate/Pipeline/{closure}(Object(Illuminate/Http/Request))
#13 D:/Dokumen Sekolah 12/PKL/upj_tsm_k9/vendor/laravel/framework/src/Illuminate/Pipeline/Pipeline.php(209): Illuminate/Routing/Middleware/SubstituteBindings->handle(Object(Illuminate/Http/Request), Object(Closure))
#14 D:/Dokumen Sekolah 12/PKL/upj_tsm_k9/vendor/laravel/framework/src/Illuminate/Foundation/Http/Middleware/VerifyCsrfToken.php(88): Illuminate/Pipeline/Pipeline->Illuminate/Pipeline/{closure}(Object(Illuminate/Http/Request))
#15 D:/Dokumen Sekolah 12/PKL/upj_tsm_k9/vendor/laravel/framework/src/Illuminate/Pipeline/Pipeline.php(209): Illuminate/Foundation/Http/Middleware/VerifyCsrfToken->handle(Object(Illuminate/Http/Request), Object(Closure))
#16 D:/Dokumen Sekolah 12/PKL/upj_tsm_k9/vendor/laravel/framework/src/Illuminate/View/Middleware/ShareErrorsFromSession.php(49): Illuminate/Pipeline/Pipeline->Illuminate/Pipeline/{closure}(Object(Illuminate/Http/Request))
#17 D:/Dokumen Sekolah 12/PKL/upj_tsm_k9/vendor/laravel/framework/src/Illuminate/Pipeline/Pipeline.php(209): Illuminate/View/Middleware/ShareErrorsFromSession->handle(Object(Illuminate/Http/Request), Object(Closure))
#18 D:/Dokumen Sekolah 12/PKL/upj_tsm_k9/vendor/laravel/framework/src/Illuminate/Session/Middleware/StartSession.php(121): Illuminate/Pipeline/Pipeline->Illuminate/Pipeline/{closure}(Object(Illuminate/Http/Request))
#19 D:/Dokumen Sekolah 12/PKL/upj_tsm_k9/vendor/laravel/framework/src/Illuminate/Session/Middleware/StartSession.php(64): Illuminate/Session/Middleware/StartSession->handleStatefulRequest(Object(Illuminate/Http/Request), Object(Illuminate/Session/Store), Object(Closure))
#20 D:/Dokumen Sekolah 12/PKL/upj_tsm_k9/vendor/laravel/framework/src/Illuminate/Pipeline/Pipeline.php(209): Illuminate/Session/Middleware/StartSession->handle(Object(Illuminate/Http/Request), Object(Closure))
#21 D:/Dokumen Sekolah 12/PKL/upj_tsm_k9/vendor/laravel/framework/src/Illuminate/Cookie/Middleware/AddQueuedCookiesToResponse.php(37): Illuminate/Pipeline/Pipeline->Illuminate/Pipeline/{closure}(Object(Illuminate/Http/Request))
#22 D:/Dokumen Sekolah 12/PKL/upj_tsm_k9/vendor/laravel/framework/src/Illuminate/Pipeline/Pipeline.php(209): Illuminate/Cookie/Middleware/AddQueuedCookiesToResponse->handle(Object(Illuminate/Http/Request), Object(Closure))
#23 D:/Dokumen Sekolah 12/PKL/upj_tsm_k9/vendor/laravel/framework/src/Illuminate/Cookie/Middleware/EncryptCookies.php(75): Illuminate/Pipeline/Pipeline->Illuminate/Pipeline/{closure}(Object(Illuminate/Http/Request))
#24 D:/Dokumen Sekolah 12/PKL/upj_tsm_k9/vendor/laravel/framework/src/Illuminate/Pipeline/Pipeline.php(209): Illuminate/Cookie/Middleware/EncryptCookies->handle(Object(Illuminate/Http/Request), Object(Closure))
#25 D:/Dokumen Sekolah 12/PKL/upj_tsm_k9/vendor/laravel/framework/src/Illuminate/Pipeline/Pipeline.php(127): Illuminate/Pipeline/Pipeline->Illuminate/Pipeline/{closure}(Object(Illuminate/Http/Request))
#26 D:/Dokumen Sekolah 12/PKL/upj_tsm_k9/vendor/laravel/framework/src/Illuminate/Routing/Router.php(807): Illuminate/Pipeline/Pipeline->then(Object(Closure))
#27 D:/Dokumen Sekolah 12/PKL/upj_tsm_k9/vendor/laravel/framework/src/Illuminate/Routing/Router.php(786): Illuminate/Routing/Router->runRouteWithinStack(Object(Illuminate/Routing/Route), Object(Illuminate/Http/Request))
#28 D:/Dokumen Sekolah 12/PKL/upj_tsm_k9/vendor/laravel/framework/src/Illuminate/Routing/Router.php(750): Illuminate/Routing/Router->runRoute(Object(Illuminate/Http/Request), Object(Illuminate/Routing/Route))
#29 D:/Dokumen Sekolah 12/PKL/upj_tsm_k9/vendor/laravel/framework/src/Illuminate/Routing/Router.php(739): Illuminate/Routing/Router->dispatchToRoute(Object(Illuminate/Http/Request))
#30 D:/Dokumen Sekolah 12/PKL/upj_tsm_k9/vendor/laravel/framework/src/Illuminate/Foundation/Http/Kernel.php(201): Illuminate/Routing/Router->dispatch(Object(Illuminate/Http/Request))
#31 D:/Dokumen Sekolah 12/PKL/upj_tsm_k9/vendor/laravel/framework/src/Illuminate/Pipeline/Pipeline.php(170): Illuminate/Foundation/Http/Kernel->Illuminate/Foundation/Http/{closure}(Object(Illuminate/Http/Request))
#32 D:/Dokumen Sekolah 12/PKL/upj_tsm_k9/vendor/livewire/livewire/src/Features/SupportDisablingBackButtonCache/DisableBackButtonCacheMiddleware.php(19): Illuminate/Pipeline/Pipeline->Illuminate/Pipeline/{closure}(Object(Illuminate/Http/Request))
#33 D:/Dokumen Sekolah 12/PKL/upj_tsm_k9/vendor/laravel/framework/src/Illuminate/Pipeline/Pipeline.php(209): Livewire/Features/SupportDisablingBackButtonCache/DisableBackButtonCacheMiddleware->handle(Object(Illuminate/Http/Request), Object(Closure))
#34 D:/Dokumen Sekolah 12/PKL/upj_tsm_k9/vendor/laravel/framework/src/Illuminate/Foundation/Http/Middleware/ConvertEmptyStringsToNull.php(27): Illuminate/Pipeline/Pipeline->Illuminate/Pipeline/{closure}(Object(Illuminate/Http/Request))
#35 D:/Dokumen Sekolah 12/PKL/upj_tsm_k9/vendor/laravel/framework/src/Illuminate/Pipeline/Pipeline.php(209): Illuminate/Foundation/Http/Middleware/ConvertEmptyStringsToNull->handle(Object(Illuminate/Http/Request), Object(Closure))
#36 D:/Dokumen Sekolah 12/PKL/upj_tsm_k9/vendor/laravel/framework/src/Illuminate/Foundation/Http/Middleware/TrimStrings.php(47): Illuminate/Pipeline/Pipeline->Illuminate/Pipeline/{closure}(Object(Illuminate/Http/Request))
#37 D:/Dokumen Sekolah 12/PKL/upj_tsm_k9/vendor/laravel/framework/src/Illuminate/Pipeline/Pipeline.php(209): Illuminate/Foundation/Http/Middleware/TrimStrings->handle(Object(Illuminate/Http/Request), Object(Closure))
#38 D:/Dokumen Sekolah 12/PKL/upj_tsm_k9/vendor/laravel/framework/src/Illuminate/Http/Middleware/ValidatePostSize.php(27): Illuminate/Pipeline/Pipeline->Illuminate/Pipeline/{closure}(Object(Illuminate/Http/Request))
#39 D:/Dokumen Sekolah 12/PKL/upj_tsm_k9/vendor/laravel/framework/src/Illuminate/Pipeline/Pipeline.php(209): Illuminate/Http/Middleware/ValidatePostSize->handle(Object(Illuminate/Http/Request), Object(Closure))
#40 D:/Dokumen Sekolah 12/PKL/upj_tsm_k9/vendor/laravel/framework/src/Illuminate/Foundation/Http/Middleware/PreventRequestsDuringMaintenance.php(110): Illuminate/Pipeline/Pipeline->Illuminate/Pipeline/{closure}(Object(Illuminate/Http/Request))
#41 D:/Dokumen Sekolah 12/PKL/upj_tsm_k9/vendor/laravel/framework/src/Illuminate/Pipeline/Pipeline.php(209): Illuminate/Foundation/Http/Middleware/PreventRequestsDuringMaintenance->handle(Object(Illuminate/Http/Request), Object(Closure))
#42 D:/Dokumen Sekolah 12/PKL/upj_tsm_k9/vendor/laravel/framework/src/Illuminate/Http/Middleware/HandleCors.php(49): Illuminate/Pipeline/Pipeline->Illuminate/Pipeline/{closure}(Object(Illuminate/Http/Request))
#43 D:/Dokumen Sekolah 12/PKL/upj_tsm_k9/vendor/laravel/framework/src/Illuminate/Pipeline/Pipeline.php(209): Illuminate/Http/Middleware/HandleCors->handle(Object(Illuminate/Http/Request), Object(Closure))
#44 D:/Dokumen Sekolah 12/PKL/upj_tsm_k9/vendor/laravel/framework/src/Illuminate/Http/Middleware/TrustProxies.php(58): Illuminate/Pipeline/Pipeline->Illuminate/Pipeline/{closure}(Object(Illuminate/Http/Request))
#45 D:/Dokumen Sekolah 12/PKL/upj_tsm_k9/vendor/laravel/framework/src/Illuminate/Pipeline/Pipeline.php(209): Illuminate/Http/Middleware/TrustProxies->handle(Object(Illuminate/Http/Request), Object(Closure))
#46 D:/Dokumen Sekolah 12/PKL/upj_tsm_k9/vendor/laravel/framework/src/Illuminate/Foundation/Http/Middleware/InvokeDeferredCallbacks.php(22): Illuminate/Pipeline/Pipeline->Illuminate/Pipeline/{closure}(Object(Illuminate/Http/Request))
#47 D:/Dokumen Sekolah 12/PKL/upj_tsm_k9/vendor/laravel/framework/src/Illuminate/Pipeline/Pipeline.php(209): Illuminate/Foundation/Http/Middleware/InvokeDeferredCallbacks->handle(Object(Illuminate/Http/Request), Object(Closure))
#48 D:/Dokumen Sekolah 12/PKL/upj_tsm_k9/vendor/laravel/framework/src/Illuminate/Pipeline/Pipeline.php(127): Illuminate/Pipeline/Pipeline->Illuminate/Pipeline/{closure}(Object(Illuminate/Http/Request))
#49 D:/Dokumen Sekolah 12/PKL/upj_tsm_k9/vendor/laravel/framework/src/Illuminate/Foundation/Http/Kernel.php(176): Illuminate/Pipeline/Pipeline->then(Object(Closure))
#50 D:/Dokumen Sekolah 12/PKL/upj_tsm_k9/vendor/laravel/framework/src/Illuminate/Foundation/Http/Kernel.php(145): Illuminate/Foundation/Http/Kernel->sendRequestThroughRouter(Object(Illuminate/Http/Request))
#51 D:/Dokumen Sekolah 12/PKL/upj_tsm_k9/vendor/laravel/framework/src/Illuminate/Foundation/Application.php(1220): Illuminate/Foundation/Http/Kernel->handle(Object(Illuminate/Http/Request))
#52 D:/Dokumen Sekolah 12/PKL/upj_tsm_k9/public/index.php(17): Illuminate/Foundation/Application->handleRequest(Object(Illuminate/Http/Request))
#53 D:/Dokumen Sekolah 12/PKL/upj_tsm_k9/vendor/laravel/framework/src/Illuminate/Foundation/resources/server.php(23): require_once('D://Dokumen Seko...')
#54 {main}
"} 
[2026-04-27 17:56:45] local.ERROR: Unable to call component method. Public method [resetValidation] not found on component {"userId":6,"exception":"[object] (Livewire\\Exceptions\\MethodNotFoundException(code: 0): Unable to call component method. Public method [resetValidation] not found on component at D:/Dokumen Sekolah 12/PKL/upj_tsm_k9/vendor/livewire/livewire/src/Mechanisms/HandleComponents/HandleComponents.php:656)
[stacktrace]
#0 D:/Dokumen Sekolah 12/PKL/upj_tsm_k9/vendor/livewire/livewire/src/Mechanisms/HandleComponents/HandleComponents.php(239): Livewire/Mechanisms/HandleComponents/HandleComponents->callMethods(Object(App/Livewire/InventoryTable), Array, Object(Livewire/Mechanisms/HandleComponents/ComponentContext))
#1 D:/Dokumen Sekolah 12/PKL/upj_tsm_k9/vendor/livewire/livewire/src/LivewireManager.php(131): Livewire/Mechanisms/HandleComponents/HandleComponents->update(Array, Array, Array)
#2 D:/Dokumen Sekolah 12/PKL/upj_tsm_k9/vendor/livewire/livewire/src/Mechanisms/HandleRequests/HandleRequests.php(190): Livewire/LivewireManager->update(Array, Array, Array)
#3 D:/Dokumen Sekolah 12/PKL/upj_tsm_k9/vendor/laravel/framework/src/Illuminate/Routing/ControllerDispatcher.php(47): Livewire/Mechanisms/HandleRequests/HandleRequests->handleUpdate()
#4 D:/Dokumen Sekolah 12/PKL/upj_tsm_k9/vendor/laravel/framework/src/Illuminate/Routing/Route.php(266): Illuminate/Routing/ControllerDispatcher->dispatch(Object(Illuminate/Routing/Route), Object(Livewire/Mechanisms/HandleRequests/HandleRequests), 'handleUpdate')
#5 D:/Dokumen Sekolah 12/PKL/upj_tsm_k9/vendor/laravel/framework/src/Illuminate/Routing/Route.php(212): Illuminate/Routing/Route->runController()
#6 D:/Dokumen Sekolah 12/PKL/upj_tsm_k9/vendor/laravel/framework/src/Illuminate/Routing/Router.php(808): Illuminate/Routing/Route->run()
#7 D:/Dokumen Sekolah 12/PKL/upj_tsm_k9/vendor/laravel/framework/src/Illuminate/Pipeline/Pipeline.php(170): Illuminate/Routing/Router->Illuminate/Routing/{closure}(Object(Illuminate/Http/Request))
#8 D:/Dokumen Sekolah 12/PKL/upj_tsm_k9/vendor/livewire/livewire/src/Mechanisms/HandleRequests/RequireLivewireHeaders.php(19): Illuminate/Pipeline/Pipeline->Illuminate/Pipeline/{closure}(Object(Illuminate/Http/Request))
#9 D:/Dokumen Sekolah 12/PKL/upj_tsm_k9/vendor/laravel/framework/src/Illuminate/Pipeline/Pipeline.php(209): Livewire/Mechanisms/HandleRequests/RequireLivewireHeaders->handle(Object(Illuminate/Http/Request), Object(Closure))
#10 D:/Dokumen Sekolah 12/PKL/upj_tsm_k9/app/Http/Middleware/SecurityHeaders.php(13): Illuminate/Pipeline/Pipeline->Illuminate/Pipeline/{closure}(Object(Illuminate/Http/Request))
#11 D:/Dokumen Sekolah 12/PKL/upj_tsm_k9/vendor/laravel/framework/src/Illuminate/Pipeline/Pipeline.php(209): App/Http/Middleware/SecurityHeaders->handle(Object(Illuminate/Http/Request), Object(Closure))
#12 D:/Dokumen Sekolah 12/PKL/upj_tsm_k9/vendor/laravel/framework/src/Illuminate/Routing/Middleware/SubstituteBindings.php(51): Illuminate/Pipeline/Pipeline->Illuminate/Pipeline/{closure}(Object(Illuminate/Http/Request))
#13 D:/Dokumen Sekolah 12/PKL/upj_tsm_k9/vendor/laravel/framework/src/Illuminate/Pipeline/Pipeline.php(209): Illuminate/Routing/Middleware/SubstituteBindings->handle(Object(Illuminate/Http/Request), Object(Closure))
#14 D:/Dokumen Sekolah 12/PKL/upj_tsm_k9/vendor/laravel/framework/src/Illuminate/Foundation/Http/Middleware/VerifyCsrfToken.php(88): Illuminate/Pipeline/Pipeline->Illuminate/Pipeline/{closure}(Object(Illuminate/Http/Request))
#15 D:/Dokumen Sekolah 12/PKL/upj_tsm_k9/vendor/laravel/framework/src/Illuminate/Pipeline/Pipeline.php(209): Illuminate/Foundation/Http/Middleware/VerifyCsrfToken->handle(Object(Illuminate/Http/Request), Object(Closure))
#16 D:/Dokumen Sekolah 12/PKL/upj_tsm_k9/vendor/laravel/framework/src/Illuminate/View/Middleware/ShareErrorsFromSession.php(49): Illuminate/Pipeline/Pipeline->Illuminate/Pipeline/{closure}(Object(Illuminate/Http/Request))
#17 D:/Dokumen Sekolah 12/PKL/upj_tsm_k9/vendor/laravel/framework/src/Illuminate/Pipeline/Pipeline.php(209): Illuminate/View/Middleware/ShareErrorsFromSession->handle(Object(Illuminate/Http/Request), Object(Closure))
#18 D:/Dokumen Sekolah 12/PKL/upj_tsm_k9/vendor/laravel/framework/src/Illuminate/Session/Middleware/StartSession.php(121): Illuminate/Pipeline/Pipeline->Illuminate/Pipeline/{closure}(Object(Illuminate/Http/Request))
#19 D:/Dokumen Sekolah 12/PKL/upj_tsm_k9/vendor/laravel/framework/src/Illuminate/Session/Middleware/StartSession.php(64): Illuminate/Session/Middleware/StartSession->handleStatefulRequest(Object(Illuminate/Http/Request), Object(Illuminate/Session/Store), Object(Closure))
#20 D:/Dokumen Sekolah 12/PKL/upj_tsm_k9/vendor/laravel/framework/src/Illuminate/Pipeline/Pipeline.php(209): Illuminate/Session/Middleware/StartSession->handle(Object(Illuminate/Http/Request), Object(Closure))
#21 D:/Dokumen Sekolah 12/PKL/upj_tsm_k9/vendor/laravel/framework/src/Illuminate/Cookie/Middleware/AddQueuedCookiesToResponse.php(37): Illuminate/Pipeline/Pipeline->Illuminate/Pipeline/{closure}(Object(Illuminate/Http/Request))
#22 D:/Dokumen Sekolah 12/PKL/upj_tsm_k9/vendor/laravel/framework/src/Illuminate/Pipeline/Pipeline.php(209): Illuminate/Cookie/Middleware/AddQueuedCookiesToResponse->handle(Object(Illuminate/Http/Request), Object(Closure))
#23 D:/Dokumen Sekolah 12/PKL/upj_tsm_k9/vendor/laravel/framework/src/Illuminate/Cookie/Middleware/EncryptCookies.php(75): Illuminate/Pipeline/Pipeline->Illuminate/Pipeline/{closure}(Object(Illuminate/Http/Request))
#24 D:/Dokumen Sekolah 12/PKL/upj_tsm_k9/vendor/laravel/framework/src/Illuminate/Pipeline/Pipeline.php(209): Illuminate/Cookie/Middleware/EncryptCookies->handle(Object(Illuminate/Http/Request), Object(Closure))
#25 D:/Dokumen Sekolah 12/PKL/upj_tsm_k9/vendor/laravel/framework/src/Illuminate/Pipeline/Pipeline.php(127): Illuminate/Pipeline/Pipeline->Illuminate/Pipeline/{closure}(Object(Illuminate/Http/Request))
#26 D:/Dokumen Sekolah 12/PKL/upj_tsm_k9/vendor/laravel/framework/src/Illuminate/Routing/Router.php(807): Illuminate/Pipeline/Pipeline->then(Object(Closure))
#27 D:/Dokumen Sekolah 12/PKL/upj_tsm_k9/vendor/laravel/framework/src/Illuminate/Routing/Router.php(786): Illuminate/Routing/Router->runRouteWithinStack(Object(Illuminate/Routing/Route), Object(Illuminate/Http/Request))
#28 D:/Dokumen Sekolah 12/PKL/upj_tsm_k9/vendor/laravel/framework/src/Illuminate/Routing/Router.php(750): Illuminate/Routing/Router->runRoute(Object(Illuminate/Http/Request), Object(Illuminate/Routing/Route))
#29 D:/Dokumen Sekolah 12/PKL/upj_tsm_k9/vendor/laravel/framework/src/Illuminate/Routing/Router.php(739): Illuminate/Routing/Router->dispatchToRoute(Object(Illuminate/Http/Request))
#30 D:/Dokumen Sekolah 12/PKL/upj_tsm_k9/vendor/laravel/framework/src/Illuminate/Foundation/Http/Kernel.php(201): Illuminate/Routing/Router->dispatch(Object(Illuminate/Http/Request))
#31 D:/Dokumen Sekolah 12/PKL/upj_tsm_k9/vendor/laravel/framework/src/Illuminate/Pipeline/Pipeline.php(170): Illuminate/Foundation/Http/Kernel->Illuminate/Foundation/Http/{closure}(Object(Illuminate/Http/Request))
#32 D:/Dokumen Sekolah 12/PKL/upj_tsm_k9/vendor/livewire/livewire/src/Features/SupportDisablingBackButtonCache/DisableBackButtonCacheMiddleware.php(19): Illuminate/Pipeline/Pipeline->Illuminate/Pipeline/{closure}(Object(Illuminate/Http/Request))
#33 D:/Dokumen Sekolah 12/PKL/upj_tsm_k9/vendor/laravel/framework/src/Illuminate/Pipeline/Pipeline.php(209): Livewire/Features/SupportDisablingBackButtonCache/DisableBackButtonCacheMiddleware->handle(Object(Illuminate/Http/Request), Object(Closure))
#34 D:/Dokumen Sekolah 12/PKL/upj_tsm_k9/vendor/laravel/framework/src/Illuminate/Foundation/Http/Middleware/ConvertEmptyStringsToNull.php(27): Illuminate/Pipeline/Pipeline->Illuminate/Pipeline/{closure}(Object(Illuminate/Http/Request))
#35 D:/Dokumen Sekolah 12/PKL/upj_tsm_k9/vendor/laravel/framework/src/Illuminate/Pipeline/Pipeline.php(209): Illuminate/Foundation/Http/Middleware/ConvertEmptyStringsToNull->handle(Object(Illuminate/Http/Request), Object(Closure))
#36 D:/Dokumen Sekolah 12/PKL/upj_tsm_k9/vendor/laravel/framework/src/Illuminate/Foundation/Http/Middleware/TrimStrings.php(47): Illuminate/Pipeline/Pipeline->Illuminate/Pipeline/{closure}(Object(Illuminate/Http/Request))
#37 D:/Dokumen Sekolah 12/PKL/upj_tsm_k9/vendor/laravel/framework/src/Illuminate/Pipeline/Pipeline.php(209): Illuminate/Foundation/Http/Middleware/TrimStrings->handle(Object(Illuminate/Http/Request), Object(Closure))
#38 D:/Dokumen Sekolah 12/PKL/upj_tsm_k9/vendor/laravel/framework/src/Illuminate/Http/Middleware/ValidatePostSize.php(27): Illuminate/Pipeline/Pipeline->Illuminate/Pipeline/{closure}(Object(Illuminate/Http/Request))
#39 D:/Dokumen Sekolah 12/PKL/upj_tsm_k9/vendor/laravel/framework/src/Illuminate/Pipeline/Pipeline.php(209): Illuminate/Http/Middleware/ValidatePostSize->handle(Object(Illuminate/Http/Request), Object(Closure))
#40 D:/Dokumen Sekolah 12/PKL/upj_tsm_k9/vendor/laravel/framework/src/Illuminate/Foundation/Http/Middleware/PreventRequestsDuringMaintenance.php(110): Illuminate/Pipeline/Pipeline->Illuminate/Pipeline/{closure}(Object(Illuminate/Http/Request))
#41 D:/Dokumen Sekolah 12/PKL/upj_tsm_k9/vendor/laravel/framework/src/Illuminate/Pipeline/Pipeline.php(209): Illuminate/Foundation/Http/Middleware/PreventRequestsDuringMaintenance->handle(Object(Illuminate/Http/Request), Object(Closure))
#42 D:/Dokumen Sekolah 12/PKL/upj_tsm_k9/vendor/laravel/framework/src/Illuminate/Http/Middleware/HandleCors.php(49): Illuminate/Pipeline/Pipeline->Illuminate/Pipeline/{closure}(Object(Illuminate/Http/Request))
#43 D:/Dokumen Sekolah 12/PKL/upj_tsm_k9/vendor/laravel/framework/src/Illuminate/Pipeline/Pipeline.php(209): Illuminate/Http/Middleware/HandleCors->handle(Object(Illuminate/Http/Request), Object(Closure))
#44 D:/Dokumen Sekolah 12/PKL/upj_tsm_k9/vendor/laravel/framework/src/Illuminate/Http/Middleware/TrustProxies.php(58): Illuminate/Pipeline/Pipeline->Illuminate/Pipeline/{closure}(Object(Illuminate/Http/Request))
#45 D:/Dokumen Sekolah 12/PKL/upj_tsm_k9/vendor/laravel/framework/src/Illuminate/Pipeline/Pipeline.php(209): Illuminate/Http/Middleware/TrustProxies->handle(Object(Illuminate/Http/Request), Object(Closure))
#46 D:/Dokumen Sekolah 12/PKL/upj_tsm_k9/vendor/laravel/framework/src/Illuminate/Foundation/Http/Middleware/InvokeDeferredCallbacks.php(22): Illuminate/Pipeline/Pipeline->Illuminate/Pipeline/{closure}(Object(Illuminate/Http/Request))
#47 D:/Dokumen Sekolah 12/PKL/upj_tsm_k9/vendor/laravel/framework/src/Illuminate/Pipeline/Pipeline.php(209): Illuminate/Foundation/Http/Middleware/InvokeDeferredCallbacks->handle(Object(Illuminate/Http/Request), Object(Closure))
#48 D:/Dokumen Sekolah 12/PKL/upj_tsm_k9/vendor/laravel/framework/src/Illuminate/Pipeline/Pipeline.php(127): Illuminate/Pipeline/Pipeline->Illuminate/Pipeline/{closure}(Object(Illuminate/Http/Request))
#49 D:/Dokumen Sekolah 12/PKL/upj_tsm_k9/vendor/laravel/framework/src/Illuminate/Foundation/Http/Kernel.php(176): Illuminate/Pipeline/Pipeline->then(Object(Closure))
#50 D:/Dokumen Sekolah 12/PKL/upj_tsm_k9/vendor/laravel/framework/src/Illuminate/Foundation/Http/Kernel.php(145): Illuminate/Foundation/Http/Kernel->sendRequestThroughRouter(Object(Illuminate/Http/Request))
#51 D:/Dokumen Sekolah 12/PKL/upj_tsm_k9/vendor/laravel/framework/src/Illuminate/Foundation/Application.php(1220): Illuminate/Foundation/Http/Kernel->handle(Object(Illuminate/Http/Request))
#52 D:/Dokumen Sekolah 12/PKL/upj_tsm_k9/public/index.php(17): Illuminate/Foundation/Application->handleRequest(Object(Illuminate/Http/Request))
#53 D:/Dokumen Sekolah 12/PKL/upj_tsm_k9/vendor/laravel/framework/src/Illuminate/Foundation/resources/server.php(23): require_once('D://Dokumen Seko...')
#54 {main}
"} 
[2026-04-27 17:56:47] local.ERROR: Unable to call component method. Public method [resetValidation] not found on component {"userId":6,"exception":"[object] (Livewire\\Exceptions\\MethodNotFoundException(code: 0): Unable to call component method. Public method [resetValidation] not found on component at D:/Dokumen Sekolah 12/PKL/upj_tsm_k9/vendor/livewire/livewire/src/Mechanisms/HandleComponents/HandleComponents.php:656)
[stacktrace]
#0 D:/Dokumen Sekolah 12/PKL/upj_tsm_k9/vendor/livewire/livewire/src/Mechanisms/HandleComponents/HandleComponents.php(239): Livewire/Mechanisms/HandleComponents/HandleComponents->callMethods(Object(App/Livewire/InventoryTable), Array, Object(Livewire/Mechanisms/HandleComponents/ComponentContext))
#1 D:/Dokumen Sekolah 12/PKL/upj_tsm_k9/vendor/livewire/livewire/src/LivewireManager.php(131): Livewire/Mechanisms/HandleComponents/HandleComponents->update(Array, Array, Array)
#2 D:/Dokumen Sekolah 12/PKL/upj_tsm_k9/vendor/livewire/livewire/src/Mechanisms/HandleRequests/HandleRequests.php(190): Livewire/LivewireManager->update(Array, Array, Array)
#3 D:/Dokumen Sekolah 12/PKL/upj_tsm_k9/vendor/laravel/framework/src/Illuminate/Routing/ControllerDispatcher.php(47): Livewire/Mechanisms/HandleRequests/HandleRequests->handleUpdate()
#4 D:/Dokumen Sekolah 12/PKL/upj_tsm_k9/vendor/laravel/framework/src/Illuminate/Routing/Route.php(266): Illuminate/Routing/ControllerDispatcher->dispatch(Object(Illuminate/Routing/Route), Object(Livewire/Mechanisms/HandleRequests/HandleRequests), 'handleUpdate')
#5 D:/Dokumen Sekolah 12/PKL/upj_tsm_k9/vendor/laravel/framework/src/Illuminate/Routing/Route.php(212): Illuminate/Routing/Route->runController()
#6 D:/Dokumen Sekolah 12/PKL/upj_tsm_k9/vendor/laravel/framework/src/Illuminate/Routing/Router.php(808): Illuminate/Routing/Route->run()
#7 D:/Dokumen Sekolah 12/PKL/upj_tsm_k9/vendor/laravel/framework/src/Illuminate/Pipeline/Pipeline.php(170): Illuminate/Routing/Router->Illuminate/Routing/{closure}(Object(Illuminate/Http/Request))
#8 D:/Dokumen Sekolah 12/PKL/upj_tsm_k9/vendor/livewire/livewire/src/Mechanisms/HandleRequests/RequireLivewireHeaders.php(19): Illuminate/Pipeline/Pipeline->Illuminate/Pipeline/{closure}(Object(Illuminate/Http/Request))
#9 D:/Dokumen Sekolah 12/PKL/upj_tsm_k9/vendor/laravel/framework/src/Illuminate/Pipeline/Pipeline.php(209): Livewire/Mechanisms/HandleRequests/RequireLivewireHeaders->handle(Object(Illuminate/Http/Request), Object(Closure))
#10 D:/Dokumen Sekolah 12/PKL/upj_tsm_k9/app/Http/Middleware/SecurityHeaders.php(13): Illuminate/Pipeline/Pipeline->Illuminate/Pipeline/{closure}(Object(Illuminate/Http/Request))
#11 D:/Dokumen Sekolah 12/PKL/upj_tsm_k9/vendor/laravel/framework/src/Illuminate/Pipeline/Pipeline.php(209): App/Http/Middleware/SecurityHeaders->handle(Object(Illuminate/Http/Request), Object(Closure))
#12 D:/Dokumen Sekolah 12/PKL/upj_tsm_k9/vendor/laravel/framework/src/Illuminate/Routing/Middleware/SubstituteBindings.php(51): Illuminate/Pipeline/Pipeline->Illuminate/Pipeline/{closure}(Object(Illuminate/Http/Request))
#13 D:/Dokumen Sekolah 12/PKL/upj_tsm_k9/vendor/laravel/framework/src/Illuminate/Pipeline/Pipeline.php(209): Illuminate/Routing/Middleware/SubstituteBindings->handle(Object(Illuminate/Http/Request), Object(Closure))
#14 D:/Dokumen Sekolah 12/PKL/upj_tsm_k9/vendor/laravel/framework/src/Illuminate/Foundation/Http/Middleware/VerifyCsrfToken.php(88): Illuminate/Pipeline/Pipeline->Illuminate/Pipeline/{closure}(Object(Illuminate/Http/Request))
#15 D:/Dokumen Sekolah 12/PKL/upj_tsm_k9/vendor/laravel/framework/src/Illuminate/Pipeline/Pipeline.php(209): Illuminate/Foundation/Http/Middleware/VerifyCsrfToken->handle(Object(Illuminate/Http/Request), Object(Closure))
#16 D:/Dokumen Sekolah 12/PKL/upj_tsm_k9/vendor/laravel/framework/src/Illuminate/View/Middleware/ShareErrorsFromSession.php(49): Illuminate/Pipeline/Pipeline->Illuminate/Pipeline/{closure}(Object(Illuminate/Http/Request))
#17 D:/Dokumen Sekolah 12/PKL/upj_tsm_k9/vendor/laravel/framework/src/Illuminate/Pipeline/Pipeline.php(209): Illuminate/View/Middleware/ShareErrorsFromSession->handle(Object(Illuminate/Http/Request), Object(Closure))
#18 D:/Dokumen Sekolah 12/PKL/upj_tsm_k9/vendor/laravel/framework/src/Illuminate/Session/Middleware/StartSession.php(121): Illuminate/Pipeline/Pipeline->Illuminate/Pipeline/{closure}(Object(Illuminate/Http/Request))
#19 D:/Dokumen Sekolah 12/PKL/upj_tsm_k9/vendor/laravel/framework/src/Illuminate/Session/Middleware/StartSession.php(64): Illuminate/Session/Middleware/StartSession->handleStatefulRequest(Object(Illuminate/Http/Request), Object(Illuminate/Session/Store), Object(Closure))
#20 D:/Dokumen Sekolah 12/PKL/upj_tsm_k9/vendor/laravel/framework/src/Illuminate/Pipeline/Pipeline.php(209): Illuminate/Session/Middleware/StartSession->handle(Object(Illuminate/Http/Request), Object(Closure))
#21 D:/Dokumen Sekolah 12/PKL/upj_tsm_k9/vendor/laravel/framework/src/Illuminate/Cookie/Middleware/AddQueuedCookiesToResponse.php(37): Illuminate/Pipeline/Pipeline->Illuminate/Pipeline/{closure}(Object(Illuminate/Http/Request))
#22 D:/Dokumen Sekolah 12/PKL/upj_tsm_k9/vendor/laravel/framework/src/Illuminate/Pipeline/Pipeline.php(209): Illuminate/Cookie/Middleware/AddQueuedCookiesToResponse->handle(Object(Illuminate/Http/Request), Object(Closure))
#23 D:/Dokumen Sekolah 12/PKL/upj_tsm_k9/vendor/laravel/framework/src/Illuminate/Cookie/Middleware/EncryptCookies.php(75): Illuminate/Pipeline/Pipeline->Illuminate/Pipeline/{closure}(Object(Illuminate/Http/Request))
#24 D:/Dokumen Sekolah 12/PKL/upj_tsm_k9/vendor/laravel/framework/src/Illuminate/Pipeline/Pipeline.php(209): Illuminate/Cookie/Middleware/EncryptCookies->handle(Object(Illuminate/Http/Request), Object(Closure))
#25 D:/Dokumen Sekolah 12/PKL/upj_tsm_k9/vendor/laravel/framework/src/Illuminate/Pipeline/Pipeline.php(127): Illuminate/Pipeline/Pipeline->Illuminate/Pipeline/{closure}(Object(Illuminate/Http/Request))
#26 D:/Dokumen Sekolah 12/PKL/upj_tsm_k9/vendor/laravel/framework/src/Illuminate/Routing/Router.php(807): Illuminate/Pipeline/Pipeline->then(Object(Closure))
#27 D:/Dokumen Sekolah 12/PKL/upj_tsm_k9/vendor/laravel/framework/src/Illuminate/Routing/Router.php(786): Illuminate/Routing/Router->runRouteWithinStack(Object(Illuminate/Routing/Route), Object(Illuminate/Http/Request))
#28 D:/Dokumen Sekolah 12/PKL/upj_tsm_k9/vendor/laravel/framework/src/Illuminate/Routing/Router.php(750): Illuminate/Routing/Router->runRoute(Object(Illuminate/Http/Request), Object(Illuminate/Routing/Route))
#29 D:/Dokumen Sekolah 12/PKL/upj_tsm_k9/vendor/laravel/framework/src/Illuminate/Routing/Router.php(739): Illuminate/Routing/Router->dispatchToRoute(Object(Illuminate/Http/Request))
#30 D:/Dokumen Sekolah 12/PKL/upj_tsm_k9/vendor/laravel/framework/src/Illuminate/Foundation/Http/Kernel.php(201): Illuminate/Routing/Router->dispatch(Object(Illuminate/Http/Request))
#31 D:/Dokumen Sekolah 12/PKL/upj_tsm_k9/vendor/laravel/framework/src/Illuminate/Pipeline/Pipeline.php(170): Illuminate/Foundation/Http/Kernel->Illuminate/Foundation/Http/{closure}(Object(Illuminate/Http/Request))
#32 D:/Dokumen Sekolah 12/PKL/upj_tsm_k9/vendor/livewire/livewire/src/Features/SupportDisablingBackButtonCache/DisableBackButtonCacheMiddleware.php(19): Illuminate/Pipeline/Pipeline->Illuminate/Pipeline/{closure}(Object(Illuminate/Http/Request))
#33 D:/Dokumen Sekolah 12/PKL/upj_tsm_k9/vendor/laravel/framework/src/Illuminate/Pipeline/Pipeline.php(209): Livewire/Features/SupportDisablingBackButtonCache/DisableBackButtonCacheMiddleware->handle(Object(Illuminate/Http/Request), Object(Closure))
#34 D:/Dokumen Sekolah 12/PKL/upj_tsm_k9/vendor/laravel/framework/src/Illuminate/Foundation/Http/Middleware/ConvertEmptyStringsToNull.php(27): Illuminate/Pipeline/Pipeline->Illuminate/Pipeline/{closure}(Object(Illuminate/Http/Request))
#35 D:/Dokumen Sekolah 12/PKL/upj_tsm_k9/vendor/laravel/framework/src/Illuminate/Pipeline/Pipeline.php(209): Illuminate/Foundation/Http/Middleware/ConvertEmptyStringsToNull->handle(Object(Illuminate/Http/Request), Object(Closure))
#36 D:/Dokumen Sekolah 12/PKL/upj_tsm_k9/vendor/laravel/framework/src/Illuminate/Foundation/Http/Middleware/TrimStrings.php(47): Illuminate/Pipeline/Pipeline->Illuminate/Pipeline/{closure}(Object(Illuminate/Http/Request))
#37 D:/Dokumen Sekolah 12/PKL/upj_tsm_k9/vendor/laravel/framework/src/Illuminate/Pipeline/Pipeline.php(209): Illuminate/Foundation/Http/Middleware/TrimStrings->handle(Object(Illuminate/Http/Request), Object(Closure))
#38 D:/Dokumen Sekolah 12/PKL/upj_tsm_k9/vendor/laravel/framework/src/Illuminate/Http/Middleware/ValidatePostSize.php(27): Illuminate/Pipeline/Pipeline->Illuminate/Pipeline/{closure}(Object(Illuminate/Http/Request))
#39 D:/Dokumen Sekolah 12/PKL/upj_tsm_k9/vendor/laravel/framework/src/Illuminate/Pipeline/Pipeline.php(209): Illuminate/Http/Middleware/ValidatePostSize->handle(Object(Illuminate/Http/Request), Object(Closure))
#40 D:/Dokumen Sekolah 12/PKL/upj_tsm_k9/vendor/laravel/framework/src/Illuminate/Foundation/Http/Middleware/PreventRequestsDuringMaintenance.php(110): Illuminate/Pipeline/Pipeline->Illuminate/Pipeline/{closure}(Object(Illuminate/Http/Request))
#41 D:/Dokumen Sekolah 12/PKL/upj_tsm_k9/vendor/laravel/framework/src/Illuminate/Pipeline/Pipeline.php(209): Illuminate/Foundation/Http/Middleware/PreventRequestsDuringMaintenance->handle(Object(Illuminate/Http/Request), Object(Closure))
#42 D:/Dokumen Sekolah 12/PKL/upj_tsm_k9/vendor/laravel/framework/src/Illuminate/Http/Middleware/HandleCors.php(49): Illuminate/Pipeline/Pipeline->Illuminate/Pipeline/{closure}(Object(Illuminate/Http/Request))
#43 D:/Dokumen Sekolah 12/PKL/upj_tsm_k9/vendor/laravel/framework/src/Illuminate/Pipeline/Pipeline.php(209): Illuminate/Http/Middleware/HandleCors->handle(Object(Illuminate/Http/Request), Object(Closure))
#44 D:/Dokumen Sekolah 12/PKL/upj_tsm_k9/vendor/laravel/framework/src/Illuminate/Http/Middleware/TrustProxies.php(58): Illuminate/Pipeline/Pipeline->Illuminate/Pipeline/{closure}(Object(Illuminate/Http/Request))
#45 D:/Dokumen Sekolah 12/PKL/upj_tsm_k9/vendor/laravel/framework/src/Illuminate/Pipeline/Pipeline.php(209): Illuminate/Http/Middleware/TrustProxies->handle(Object(Illuminate/Http/Request), Object(Closure))
#46 D:/Dokumen Sekolah 12/PKL/upj_tsm_k9/vendor/laravel/framework/src/Illuminate/Foundation/Http/Middleware/InvokeDeferredCallbacks.php(22): Illuminate/Pipeline/Pipeline->Illuminate/Pipeline/{closure}(Object(Illuminate/Http/Request))
#47 D:/Dokumen Sekolah 12/PKL/upj_tsm_k9/vendor/laravel/framework/src/Illuminate/Pipeline/Pipeline.php(209): Illuminate/Foundation/Http/Middleware/InvokeDeferredCallbacks->handle(Object(Illuminate/Http/Request), Object(Closure))
#48 D:/Dokumen Sekolah 12/PKL/upj_tsm_k9/vendor/laravel/framework/src/Illuminate/Pipeline/Pipeline.php(127): Illuminate/Pipeline/Pipeline->Illuminate/Pipeline/{closure}(Object(Illuminate/Http/Request))
#49 D:/Dokumen Sekolah 12/PKL/upj_tsm_k9/vendor/laravel/framework/src/Illuminate/Foundation/Http/Kernel.php(176): Illuminate/Pipeline/Pipeline->then(Object(Closure))
#50 D:/Dokumen Sekolah 12/PKL/upj_tsm_k9/vendor/laravel/framework/src/Illuminate/Foundation/Http/Kernel.php(145): Illuminate/Foundation/Http/Kernel->sendRequestThroughRouter(Object(Illuminate/Http/Request))
#51 D:/Dokumen Sekolah 12/PKL/upj_tsm_k9/vendor/laravel/framework/src/Illuminate/Foundation/Application.php(1220): Illuminate/Foundation/Http/Kernel->handle(Object(Illuminate/Http/Request))
#52 D:/Dokumen Sekolah 12/PKL/upj_tsm_k9/public/index.php(17): Illuminate/Foundation/Application->handleRequest(Object(Illuminate/Http/Request))
#53 D:/Dokumen Sekolah 12/PKL/upj_tsm_k9/vendor/laravel/framework/src/Illuminate/Foundation/resources/server.php(23): require_once('D://Dokumen Seko...')
#54 {main}
"} 
[2026-04-27 17:56:50] local.ERROR: Unable to call component method. Public method [resetValidation] not found on component {"userId":6,"exception":"[object] (Livewire\\Exceptions\\MethodNotFoundException(code: 0): Unable to call component method. Public method [resetValidation] not found on component at D:/Dokumen Sekolah 12/PKL/upj_tsm_k9/vendor/livewire/livewire/src/Mechanisms/HandleComponents/HandleComponents.php:656)
[stacktrace]
#0 D:/Dokumen Sekolah 12/PKL/upj_tsm_k9/vendor/livewire/livewire/src/Mechanisms/HandleComponents/HandleComponents.php(239): Livewire/Mechanisms/HandleComponents/HandleComponents->callMethods(Object(App/Livewire/InventoryTable), Array, Object(Livewire/Mechanisms/HandleComponents/ComponentContext))
#1 D:/Dokumen Sekolah 12/PKL/upj_tsm_k9/vendor/livewire/livewire/src/LivewireManager.php(131): Livewire/Mechanisms/HandleComponents/HandleComponents->update(Array, Array, Array)
#2 D:/Dokumen Sekolah 12/PKL/upj_tsm_k9/vendor/livewire/livewire/src/Mechanisms/HandleRequests/HandleRequests.php(190): Livewire/LivewireManager->update(Array, Array, Array)
#3 D:/Dokumen Sekolah 12/PKL/upj_tsm_k9/vendor/laravel/framework/src/Illuminate/Routing/ControllerDispatcher.php(47): Livewire/Mechanisms/HandleRequests/HandleRequests->handleUpdate()
#4 D:/Dokumen Sekolah 12/PKL/upj_tsm_k9/vendor/laravel/framework/src/Illuminate/Routing/Route.php(266): Illuminate/Routing/ControllerDispatcher->dispatch(Object(Illuminate/Routing/Route), Object(Livewire/Mechanisms/HandleRequests/HandleRequests), 'handleUpdate')
#5 D:/Dokumen Sekolah 12/PKL/upj_tsm_k9/vendor/laravel/framework/src/Illuminate/Routing/Route.php(212): Illuminate/Routing/Route->runController()
#6 D:/Dokumen Sekolah 12/PKL/upj_tsm_k9/vendor/laravel/framework/src/Illuminate/Routing/Router.php(808): Illuminate/Routing/Route->run()
#7 D:/Dokumen Sekolah 12/PKL/upj_tsm_k9/vendor/laravel/framework/src/Illuminate/Pipeline/Pipeline.php(170): Illuminate/Routing/Router->Illuminate/Routing/{closure}(Object(Illuminate/Http/Request))
#8 D:/Dokumen Sekolah 12/PKL/upj_tsm_k9/vendor/livewire/livewire/src/Mechanisms/HandleRequests/RequireLivewireHeaders.php(19): Illuminate/Pipeline/Pipeline->Illuminate/Pipeline/{closure}(Object(Illuminate/Http/Request))
#9 D:/Dokumen Sekolah 12/PKL/upj_tsm_k9/vendor/laravel/framework/src/Illuminate/Pipeline/Pipeline.php(209): Livewire/Mechanisms/HandleRequests/RequireLivewireHeaders->handle(Object(Illuminate/Http/Request), Object(Closure))
#10 D:/Dokumen Sekolah 12/PKL/upj_tsm_k9/app/Http/Middleware/SecurityHeaders.php(13): Illuminate/Pipeline/Pipeline->Illuminate/Pipeline/{closure}(Object(Illuminate/Http/Request))
#11 D:/Dokumen Sekolah 12/PKL/upj_tsm_k9/vendor/laravel/framework/src/Illuminate/Pipeline/Pipeline.php(209): App/Http/Middleware/SecurityHeaders->handle(Object(Illuminate/Http/Request), Object(Closure))
#12 D:/Dokumen Sekolah 12/PKL/upj_tsm_k9/vendor/laravel/framework/src/Illuminate/Routing/Middleware/SubstituteBindings.php(51): Illuminate/Pipeline/Pipeline->Illuminate/Pipeline/{closure}(Object(Illuminate/Http/Request))
#13 D:/Dokumen Sekolah 12/PKL/upj_tsm_k9/vendor/laravel/framework/src/Illuminate/Pipeline/Pipeline.php(209): Illuminate/Routing/Middleware/SubstituteBindings->handle(Object(Illuminate/Http/Request), Object(Closure))
#14 D:/Dokumen Sekolah 12/PKL/upj_tsm_k9/vendor/laravel/framework/src/Illuminate/Foundation/Http/Middleware/VerifyCsrfToken.php(88): Illuminate/Pipeline/Pipeline->Illuminate/Pipeline/{closure}(Object(Illuminate/Http/Request))
#15 D:/Dokumen Sekolah 12/PKL/upj_tsm_k9/vendor/laravel/framework/src/Illuminate/Pipeline/Pipeline.php(209): Illuminate/Foundation/Http/Middleware/VerifyCsrfToken->handle(Object(Illuminate/Http/Request), Object(Closure))
#16 D:/Dokumen Sekolah 12/PKL/upj_tsm_k9/vendor/laravel/framework/src/Illuminate/View/Middleware/ShareErrorsFromSession.php(49): Illuminate/Pipeline/Pipeline->Illuminate/Pipeline/{closure}(Object(Illuminate/Http/Request))
#17 D:/Dokumen Sekolah 12/PKL/upj_tsm_k9/vendor/laravel/framework/src/Illuminate/Pipeline/Pipeline.php(209): Illuminate/View/Middleware/ShareErrorsFromSession->handle(Object(Illuminate/Http/Request), Object(Closure))
#18 D:/Dokumen Sekolah 12/PKL/upj_tsm_k9/vendor/laravel/framework/src/Illuminate/Session/Middleware/StartSession.php(121): Illuminate/Pipeline/Pipeline->Illuminate/Pipeline/{closure}(Object(Illuminate/Http/Request))
#19 D:/Dokumen Sekolah 12/PKL/upj_tsm_k9/vendor/laravel/framework/src/Illuminate/Session/Middleware/StartSession.php(64): Illuminate/Session/Middleware/StartSession->handleStatefulRequest(Object(Illuminate/Http/Request), Object(Illuminate/Session/Store), Object(Closure))
#20 D:/Dokumen Sekolah 12/PKL/upj_tsm_k9/vendor/laravel/framework/src/Illuminate/Pipeline/Pipeline.php(209): Illuminate/Session/Middleware/StartSession->handle(Object(Illuminate/Http/Request), Object(Closure))
#21 D:/Dokumen Sekolah 12/PKL/upj_tsm_k9/vendor/laravel/framework/src/Illuminate/Cookie/Middleware/AddQueuedCookiesToResponse.php(37): Illuminate/Pipeline/Pipeline->Illuminate/Pipeline/{closure}(Object(Illuminate/Http/Request))
#22 D:/Dokumen Sekolah 12/PKL/upj_tsm_k9/vendor/laravel/framework/src/Illuminate/Pipeline/Pipeline.php(209): Illuminate/Cookie/Middleware/AddQueuedCookiesToResponse->handle(Object(Illuminate/Http/Request), Object(Closure))
#23 D:/Dokumen Sekolah 12/PKL/upj_tsm_k9/vendor/laravel/framework/src/Illuminate/Cookie/Middleware/EncryptCookies.php(75): Illuminate/Pipeline/Pipeline->Illuminate/Pipeline/{closure}(Object(Illuminate/Http/Request))
#24 D:/Dokumen Sekolah 12/PKL/upj_tsm_k9/vendor/laravel/framework/src/Illuminate/Pipeline/Pipeline.php(209): Illuminate/Cookie/Middleware/EncryptCookies->handle(Object(Illuminate/Http/Request), Object(Closure))
#25 D:/Dokumen Sekolah 12/PKL/upj_tsm_k9/vendor/laravel/framework/src/Illuminate/Pipeline/Pipeline.php(127): Illuminate/Pipeline/Pipeline->Illuminate/Pipeline/{closure}(Object(Illuminate/Http/Request))
#26 D:/Dokumen Sekolah 12/PKL/upj_tsm_k9/vendor/laravel/framework/src/Illuminate/Routing/Router.php(807): Illuminate/Pipeline/Pipeline->then(Object(Closure))
#27 D:/Dokumen Sekolah 12/PKL/upj_tsm_k9/vendor/laravel/framework/src/Illuminate/Routing/Router.php(786): Illuminate/Routing/Router->runRouteWithinStack(Object(Illuminate/Routing/Route), Object(Illuminate/Http/Request))
#28 D:/Dokumen Sekolah 12/PKL/upj_tsm_k9/vendor/laravel/framework/src/Illuminate/Routing/Router.php(750): Illuminate/Routing/Router->runRoute(Object(Illuminate/Http/Request), Object(Illuminate/Routing/Route))
#29 D:/Dokumen Sekolah 12/PKL/upj_tsm_k9/vendor/laravel/framework/src/Illuminate/Routing/Router.php(739): Illuminate/Routing/Router->dispatchToRoute(Object(Illuminate/Http/Request))
#30 D:/Dokumen Sekolah 12/PKL/upj_tsm_k9/vendor/laravel/framework/src/Illuminate/Foundation/Http/Kernel.php(201): Illuminate/Routing/Router->dispatch(Object(Illuminate/Http/Request))
#31 D:/Dokumen Sekolah 12/PKL/upj_tsm_k9/vendor/laravel/framework/src/Illuminate/Pipeline/Pipeline.php(170): Illuminate/Foundation/Http/Kernel->Illuminate/Foundation/Http/{closure}(Object(Illuminate/Http/Request))
#32 D:/Dokumen Sekolah 12/PKL/upj_tsm_k9/vendor/livewire/livewire/src/Features/SupportDisablingBackButtonCache/DisableBackButtonCacheMiddleware.php(19): Illuminate/Pipeline/Pipeline->Illuminate/Pipeline/{closure}(Object(Illuminate/Http/Request))
#33 D:/Dokumen Sekolah 12/PKL/upj_tsm_k9/vendor/laravel/framework/src/Illuminate/Pipeline/Pipeline.php(209): Livewire/Features/SupportDisablingBackButtonCache/DisableBackButtonCacheMiddleware->handle(Object(Illuminate/Http/Request), Object(Closure))
#34 D:/Dokumen Sekolah 12/PKL/upj_tsm_k9/vendor/laravel/framework/src/Illuminate/Foundation/Http/Middleware/ConvertEmptyStringsToNull.php(27): Illuminate/Pipeline/Pipeline->Illuminate/Pipeline/{closure}(Object(Illuminate/Http/Request))
#35 D:/Dokumen Sekolah 12/PKL/upj_tsm_k9/vendor/laravel/framework/src/Illuminate/Pipeline/Pipeline.php(209): Illuminate/Foundation/Http/Middleware/ConvertEmptyStringsToNull->handle(Object(Illuminate/Http/Request), Object(Closure))
#36 D:/Dokumen Sekolah 12/PKL/upj_tsm_k9/vendor/laravel/framework/src/Illuminate/Foundation/Http/Middleware/TrimStrings.php(47): Illuminate/Pipeline/Pipeline->Illuminate/Pipeline/{closure}(Object(Illuminate/Http/Request))
#37 D:/Dokumen Sekolah 12/PKL/upj_tsm_k9/vendor/laravel/framework/src/Illuminate/Pipeline/Pipeline.php(209): Illuminate/Foundation/Http/Middleware/TrimStrings->handle(Object(Illuminate/Http/Request), Object(Closure))
#38 D:/Dokumen Sekolah 12/PKL/upj_tsm_k9/vendor/laravel/framework/src/Illuminate/Http/Middleware/ValidatePostSize.php(27): Illuminate/Pipeline/Pipeline->Illuminate/Pipeline/{closure}(Object(Illuminate/Http/Request))
#39 D:/Dokumen Sekolah 12/PKL/upj_tsm_k9/vendor/laravel/framework/src/Illuminate/Pipeline/Pipeline.php(209): Illuminate/Http/Middleware/ValidatePostSize->handle(Object(Illuminate/Http/Request), Object(Closure))
#40 D:/Dokumen Sekolah 12/PKL/upj_tsm_k9/vendor/laravel/framework/src/Illuminate/Foundation/Http/Middleware/PreventRequestsDuringMaintenance.php(110): Illuminate/Pipeline/Pipeline->Illuminate/Pipeline/{closure}(Object(Illuminate/Http/Request))
#41 D:/Dokumen Sekolah 12/PKL/upj_tsm_k9/vendor/laravel/framework/src/Illuminate/Pipeline/Pipeline.php(209): Illuminate/Foundation/Http/Middleware/PreventRequestsDuringMaintenance->handle(Object(Illuminate/Http/Request), Object(Closure))
#42 D:/Dokumen Sekolah 12/PKL/upj_tsm_k9/vendor/laravel/framework/src/Illuminate/Http/Middleware/HandleCors.php(49): Illuminate/Pipeline/Pipeline->Illuminate/Pipeline/{closure}(Object(Illuminate/Http/Request))
#43 D:/Dokumen Sekolah 12/PKL/upj_tsm_k9/vendor/laravel/framework/src/Illuminate/Pipeline/Pipeline.php(209): Illuminate/Http/Middleware/HandleCors->handle(Object(Illuminate/Http/Request), Object(Closure))
#44 D:/Dokumen Sekolah 12/PKL/upj_tsm_k9/vendor/laravel/framework/src/Illuminate/Http/Middleware/TrustProxies.php(58): Illuminate/Pipeline/Pipeline->Illuminate/Pipeline/{closure}(Object(Illuminate/Http/Request))
#45 D:/Dokumen Sekolah 12/PKL/upj_tsm_k9/vendor/laravel/framework/src/Illuminate/Pipeline/Pipeline.php(209): Illuminate/Http/Middleware/TrustProxies->handle(Object(Illuminate/Http/Request), Object(Closure))
#46 D:/Dokumen Sekolah 12/PKL/upj_tsm_k9/vendor/laravel/framework/src/Illuminate/Foundation/Http/Middleware/InvokeDeferredCallbacks.php(22): Illuminate/Pipeline/Pipeline->Illuminate/Pipeline/{closure}(Object(Illuminate/Http/Request))
#47 D:/Dokumen Sekolah 12/PKL/upj_tsm_k9/vendor/laravel/framework/src/Illuminate/Pipeline/Pipeline.php(209): Illuminate/Foundation/Http/Middleware/InvokeDeferredCallbacks->handle(Object(Illuminate/Http/Request), Object(Closure))
#48 D:/Dokumen Sekolah 12/PKL/upj_tsm_k9/vendor/laravel/framework/src/Illuminate/Pipeline/Pipeline.php(127): Illuminate/Pipeline/Pipeline->Illuminate/Pipeline/{closure}(Object(Illuminate/Http/Request))
#49 D:/Dokumen Sekolah 12/PKL/upj_tsm_k9/vendor/laravel/framework/src/Illuminate/Foundation/Http/Kernel.php(176): Illuminate/Pipeline/Pipeline->then(Object(Closure))
#50 D:/Dokumen Sekolah 12/PKL/upj_tsm_k9/vendor/laravel/framework/src/Illuminate/Foundation/Http/Kernel.php(145): Illuminate/Foundation/Http/Kernel->sendRequestThroughRouter(Object(Illuminate/Http/Request))
#51 D:/Dokumen Sekolah 12/PKL/upj_tsm_k9/vendor/laravel/framework/src/Illuminate/Foundation/Application.php(1220): Illuminate/Foundation/Http/Kernel->handle(Object(Illuminate/Http/Request))
#52 D:/Dokumen Sekolah 12/PKL/upj_tsm_k9/public/index.php(17): Illuminate/Foundation/Application->handleRequest(Object(Illuminate/Http/Request))
#53 D:/Dokumen Sekolah 12/PKL/upj_tsm_k9/vendor/laravel/framework/src/Illuminate/Foundation/resources/server.php(23): require_once('D://Dokumen Seko...')
#54 {main}
"} 
[2026-04-27 17:56:53] local.ERROR: Unable to call component method. Public method [resetValidation] not found on component {"userId":6,"exception":"[object] (Livewire\\Exceptions\\MethodNotFoundException(code: 0): Unable to call component method. Public method [resetValidation] not found on component at D:/Dokumen Sekolah 12/PKL/upj_tsm_k9/vendor/livewire/livewire/src/Mechanisms/HandleComponents/HandleComponents.php:656)
[stacktrace]
#0 D:/Dokumen Sekolah 12/PKL/upj_tsm_k9/vendor/livewire/livewire/src/Mechanisms/HandleComponents/HandleComponents.php(239): Livewire/Mechanisms/HandleComponents/HandleComponents->callMethods(Object(App/Livewire/InventoryTable), Array, Object(Livewire/Mechanisms/HandleComponents/ComponentContext))
#1 D:/Dokumen Sekolah 12/PKL/upj_tsm_k9/vendor/livewire/livewire/src/LivewireManager.php(131): Livewire/Mechanisms/HandleComponents/HandleComponents->update(Array, Array, Array)
#2 D:/Dokumen Sekolah 12/PKL/upj_tsm_k9/vendor/livewire/livewire/src/Mechanisms/HandleRequests/HandleRequests.php(190): Livewire/LivewireManager->update(Array, Array, Array)
#3 D:/Dokumen Sekolah 12/PKL/upj_tsm_k9/vendor/laravel/framework/src/Illuminate/Routing/ControllerDispatcher.php(47): Livewire/Mechanisms/HandleRequests/HandleRequests->handleUpdate()
#4 D:/Dokumen Sekolah 12/PKL/upj_tsm_k9/vendor/laravel/framework/src/Illuminate/Routing/Route.php(266): Illuminate/Routing/ControllerDispatcher->dispatch(Object(Illuminate/Routing/Route), Object(Livewire/Mechanisms/HandleRequests/HandleRequests), 'handleUpdate')
#5 D:/Dokumen Sekolah 12/PKL/upj_tsm_k9/vendor/laravel/framework/src/Illuminate/Routing/Route.php(212): Illuminate/Routing/Route->runController()
#6 D:/Dokumen Sekolah 12/PKL/upj_tsm_k9/vendor/laravel/framework/src/Illuminate/Routing/Router.php(808): Illuminate/Routing/Route->run()
#7 D:/Dokumen Sekolah 12/PKL/upj_tsm_k9/vendor/laravel/framework/src/Illuminate/Pipeline/Pipeline.php(170): Illuminate/Routing/Router->Illuminate/Routing/{closure}(Object(Illuminate/Http/Request))
#8 D:/Dokumen Sekolah 12/PKL/upj_tsm_k9/vendor/livewire/livewire/src/Mechanisms/HandleRequests/RequireLivewireHeaders.php(19): Illuminate/Pipeline/Pipeline->Illuminate/Pipeline/{closure}(Object(Illuminate/Http/Request))
#9 D:/Dokumen Sekolah 12/PKL/upj_tsm_k9/vendor/laravel/framework/src/Illuminate/Pipeline/Pipeline.php(209): Livewire/Mechanisms/HandleRequests/RequireLivewireHeaders->handle(Object(Illuminate/Http/Request), Object(Closure))
#10 D:/Dokumen Sekolah 12/PKL/upj_tsm_k9/app/Http/Middleware/SecurityHeaders.php(13): Illuminate/Pipeline/Pipeline->Illuminate/Pipeline/{closure}(Object(Illuminate/Http/Request))
#11 D:/Dokumen Sekolah 12/PKL/upj_tsm_k9/vendor/laravel/framework/src/Illuminate/Pipeline/Pipeline.php(209): App/Http/Middleware/SecurityHeaders->handle(Object(Illuminate/Http/Request), Object(Closure))
#12 D:/Dokumen Sekolah 12/PKL/upj_tsm_k9/vendor/laravel/framework/src/Illuminate/Routing/Middleware/SubstituteBindings.php(51): Illuminate/Pipeline/Pipeline->Illuminate/Pipeline/{closure}(Object(Illuminate/Http/Request))
#13 D:/Dokumen Sekolah 12/PKL/upj_tsm_k9/vendor/laravel/framework/src/Illuminate/Pipeline/Pipeline.php(209): Illuminate/Routing/Middleware/SubstituteBindings->handle(Object(Illuminate/Http/Request), Object(Closure))
#14 D:/Dokumen Sekolah 12/PKL/upj_tsm_k9/vendor/laravel/framework/src/Illuminate/Foundation/Http/Middleware/VerifyCsrfToken.php(88): Illuminate/Pipeline/Pipeline->Illuminate/Pipeline/{closure}(Object(Illuminate/Http/Request))
#15 D:/Dokumen Sekolah 12/PKL/upj_tsm_k9/vendor/laravel/framework/src/Illuminate/Pipeline/Pipeline.php(209): Illuminate/Foundation/Http/Middleware/VerifyCsrfToken->handle(Object(Illuminate/Http/Request), Object(Closure))
#16 D:/Dokumen Sekolah 12/PKL/upj_tsm_k9/vendor/laravel/framework/src/Illuminate/View/Middleware/ShareErrorsFromSession.php(49): Illuminate/Pipeline/Pipeline->Illuminate/Pipeline/{closure}(Object(Illuminate/Http/Request))
#17 D:/Dokumen Sekolah 12/PKL/upj_tsm_k9/vendor/laravel/framework/src/Illuminate/Pipeline/Pipeline.php(209): Illuminate/View/Middleware/ShareErrorsFromSession->handle(Object(Illuminate/Http/Request), Object(Closure))
#18 D:/Dokumen Sekolah 12/PKL/upj_tsm_k9/vendor/laravel/framework/src/Illuminate/Session/Middleware/StartSession.php(121): Illuminate/Pipeline/Pipeline->Illuminate/Pipeline/{closure}(Object(Illuminate/Http/Request))
#19 D:/Dokumen Sekolah 12/PKL/upj_tsm_k9/vendor/laravel/framework/src/Illuminate/Session/Middleware/StartSession.php(64): Illuminate/Session/Middleware/StartSession->handleStatefulRequest(Object(Illuminate/Http/Request), Object(Illuminate/Session/Store), Object(Closure))
#20 D:/Dokumen Sekolah 12/PKL/upj_tsm_k9/vendor/laravel/framework/src/Illuminate/Pipeline/Pipeline.php(209): Illuminate/Session/Middleware/StartSession->handle(Object(Illuminate/Http/Request), Object(Closure))
#21 D:/Dokumen Sekolah 12/PKL/upj_tsm_k9/vendor/laravel/framework/src/Illuminate/Cookie/Middleware/AddQueuedCookiesToResponse.php(37): Illuminate/Pipeline/Pipeline->Illuminate/Pipeline/{closure}(Object(Illuminate/Http/Request))
#22 D:/Dokumen Sekolah 12/PKL/upj_tsm_k9/vendor/laravel/framework/src/Illuminate/Pipeline/Pipeline.php(209): Illuminate/Cookie/Middleware/AddQueuedCookiesToResponse->handle(Object(Illuminate/Http/Request), Object(Closure))
#23 D:/Dokumen Sekolah 12/PKL/upj_tsm_k9/vendor/laravel/framework/src/Illuminate/Cookie/Middleware/EncryptCookies.php(75): Illuminate/Pipeline/Pipeline->Illuminate/Pipeline/{closure}(Object(Illuminate/Http/Request))
#24 D:/Dokumen Sekolah 12/PKL/upj_tsm_k9/vendor/laravel/framework/src/Illuminate/Pipeline/Pipeline.php(209): Illuminate/Cookie/Middleware/EncryptCookies->handle(Object(Illuminate/Http/Request), Object(Closure))
#25 D:/Dokumen Sekolah 12/PKL/upj_tsm_k9/vendor/laravel/framework/src/Illuminate/Pipeline/Pipeline.php(127): Illuminate/Pipeline/Pipeline->Illuminate/Pipeline/{closure}(Object(Illuminate/Http/Request))
#26 D:/Dokumen Sekolah 12/PKL/upj_tsm_k9/vendor/laravel/framework/src/Illuminate/Routing/Router.php(807): Illuminate/Pipeline/Pipeline->then(Object(Closure))
#27 D:/Dokumen Sekolah 12/PKL/upj_tsm_k9/vendor/laravel/framework/src/Illuminate/Routing/Router.php(786): Illuminate/Routing/Router->runRouteWithinStack(Object(Illuminate/Routing/Route), Object(Illuminate/Http/Request))
#28 D:/Dokumen Sekolah 12/PKL/upj_tsm_k9/vendor/laravel/framework/src/Illuminate/Routing/Router.php(750): Illuminate/Routing/Router->runRoute(Object(Illuminate/Http/Request), Object(Illuminate/Routing/Route))
#29 D:/Dokumen Sekolah 12/PKL/upj_tsm_k9/vendor/laravel/framework/src/Illuminate/Routing/Router.php(739): Illuminate/Routing/Router->dispatchToRoute(Object(Illuminate/Http/Request))
#30 D:/Dokumen Sekolah 12/PKL/upj_tsm_k9/vendor/laravel/framework/src/Illuminate/Foundation/Http/Kernel.php(201): Illuminate/Routing/Router->dispatch(Object(Illuminate/Http/Request))
#31 D:/Dokumen Sekolah 12/PKL/upj_tsm_k9/vendor/laravel/framework/src/Illuminate/Pipeline/Pipeline.php(170): Illuminate/Foundation/Http/Kernel->Illuminate/Foundation/Http/{closure}(Object(Illuminate/Http/Request))
#32 D:/Dokumen Sekolah 12/PKL/upj_tsm_k9/vendor/livewire/livewire/src/Features/SupportDisablingBackButtonCache/DisableBackButtonCacheMiddleware.php(19): Illuminate/Pipeline/Pipeline->Illuminate/Pipeline/{closure}(Object(Illuminate/Http/Request))
#33 D:/Dokumen Sekolah 12/PKL/upj_tsm_k9/vendor/laravel/framework/src/Illuminate/Pipeline/Pipeline.php(209): Livewire/Features/SupportDisablingBackButtonCache/DisableBackButtonCacheMiddleware->handle(Object(Illuminate/Http/Request), Object(Closure))
#34 D:/Dokumen Sekolah 12/PKL/upj_tsm_k9/vendor/laravel/framework/src/Illuminate/Foundation/Http/Middleware/ConvertEmptyStringsToNull.php(27): Illuminate/Pipeline/Pipeline->Illuminate/Pipeline/{closure}(Object(Illuminate/Http/Request))
#35 D:/Dokumen Sekolah 12/PKL/upj_tsm_k9/vendor/laravel/framework/src/Illuminate/Pipeline/Pipeline.php(209): Illuminate/Foundation/Http/Middleware/ConvertEmptyStringsToNull->handle(Object(Illuminate/Http/Request), Object(Closure))
#36 D:/Dokumen Sekolah 12/PKL/upj_tsm_k9/vendor/laravel/framework/src/Illuminate/Foundation/Http/Middleware/TrimStrings.php(47): Illuminate/Pipeline/Pipeline->Illuminate/Pipeline/{closure}(Object(Illuminate/Http/Request))
#37 D:/Dokumen Sekolah 12/PKL/upj_tsm_k9/vendor/laravel/framework/src/Illuminate/Pipeline/Pipeline.php(209): Illuminate/Foundation/Http/Middleware/TrimStrings->handle(Object(Illuminate/Http/Request), Object(Closure))
#38 D:/Dokumen Sekolah 12/PKL/upj_tsm_k9/vendor/laravel/framework/src/Illuminate/Http/Middleware/ValidatePostSize.php(27): Illuminate/Pipeline/Pipeline->Illuminate/Pipeline/{closure}(Object(Illuminate/Http/Request))
#39 D:/Dokumen Sekolah 12/PKL/upj_tsm_k9/vendor/laravel/framework/src/Illuminate/Pipeline/Pipeline.php(209): Illuminate/Http/Middleware/ValidatePostSize->handle(Object(Illuminate/Http/Request), Object(Closure))
#40 D:/Dokumen Sekolah 12/PKL/upj_tsm_k9/vendor/laravel/framework/src/Illuminate/Foundation/Http/Middleware/PreventRequestsDuringMaintenance.php(110): Illuminate/Pipeline/Pipeline->Illuminate/Pipeline/{closure}(Object(Illuminate/Http/Request))
#41 D:/Dokumen Sekolah 12/PKL/upj_tsm_k9/vendor/laravel/framework/src/Illuminate/Pipeline/Pipeline.php(209): Illuminate/Foundation/Http/Middleware/PreventRequestsDuringMaintenance->handle(Object(Illuminate/Http/Request), Object(Closure))
#42 D:/Dokumen Sekolah 12/PKL/upj_tsm_k9/vendor/laravel/framework/src/Illuminate/Http/Middleware/HandleCors.php(49): Illuminate/Pipeline/Pipeline->Illuminate/Pipeline/{closure}(Object(Illuminate/Http/Request))
#43 D:/Dokumen Sekolah 12/PKL/upj_tsm_k9/vendor/laravel/framework/src/Illuminate/Pipeline/Pipeline.php(209): Illuminate/Http/Middleware/HandleCors->handle(Object(Illuminate/Http/Request), Object(Closure))
#44 D:/Dokumen Sekolah 12/PKL/upj_tsm_k9/vendor/laravel/framework/src/Illuminate/Http/Middleware/TrustProxies.php(58): Illuminate/Pipeline/Pipeline->Illuminate/Pipeline/{closure}(Object(Illuminate/Http/Request))
#45 D:/Dokumen Sekolah 12/PKL/upj_tsm_k9/vendor/laravel/framework/src/Illuminate/Pipeline/Pipeline.php(209): Illuminate/Http/Middleware/TrustProxies->handle(Object(Illuminate/Http/Request), Object(Closure))
#46 D:/Dokumen Sekolah 12/PKL/upj_tsm_k9/vendor/laravel/framework/src/Illuminate/Foundation/Http/Middleware/InvokeDeferredCallbacks.php(22): Illuminate/Pipeline/Pipeline->Illuminate/Pipeline/{closure}(Object(Illuminate/Http/Request))
#47 D:/Dokumen Sekolah 12/PKL/upj_tsm_k9/vendor/laravel/framework/src/Illuminate/Pipeline/Pipeline.php(209): Illuminate/Foundation/Http/Middleware/InvokeDeferredCallbacks->handle(Object(Illuminate/Http/Request), Object(Closure))
#48 D:/Dokumen Sekolah 12/PKL/upj_tsm_k9/vendor/laravel/framework/src/Illuminate/Pipeline/Pipeline.php(127): Illuminate/Pipeline/Pipeline->Illuminate/Pipeline/{closure}(Object(Illuminate/Http/Request))
#49 D:/Dokumen Sekolah 12/PKL/upj_tsm_k9/vendor/laravel/framework/src/Illuminate/Foundation/Http/Kernel.php(176): Illuminate/Pipeline/Pipeline->then(Object(Closure))
#50 D:/Dokumen Sekolah 12/PKL/upj_tsm_k9/vendor/laravel/framework/src/Illuminate/Foundation/Http/Kernel.php(145): Illuminate/Foundation/Http/Kernel->sendRequestThroughRouter(Object(Illuminate/Http/Request))
#51 D:/Dokumen Sekolah 12/PKL/upj_tsm_k9/vendor/laravel/framework/src/Illuminate/Foundation/Application.php(1220): Illuminate/Foundation/Http/Kernel->handle(Object(Illuminate/Http/Request))
#52 D:/Dokumen Sekolah 12/PKL/upj_tsm_k9/public/index.php(17): Illuminate/Foundation/Application->handleRequest(Object(Illuminate/Http/Request))
#53 D:/Dokumen Sekolah 12/PKL/upj_tsm_k9/vendor/laravel/framework/src/Illuminate/Foundation/resources/server.php(23): require_once('D://Dokumen Seko...')
#54 {main}
"} 
[2026-04-27 17:56:56] local.ERROR: Unable to call component method. Public method [resetValidation] not found on component {"userId":6,"exception":"[object] (Livewire\\Exceptions\\MethodNotFoundException(code: 0): Unable to call component method. Public method [resetValidation] not found on component at D:/Dokumen Sekolah 12/PKL/upj_tsm_k9/vendor/livewire/livewire/src/Mechanisms/HandleComponents/HandleComponents.php:656)
[stacktrace]
#0 D:/Dokumen Sekolah 12/PKL/upj_tsm_k9/vendor/livewire/livewire/src/Mechanisms/HandleComponents/HandleComponents.php(239): Livewire/Mechanisms/HandleComponents/HandleComponents->callMethods(Object(App/Livewire/InventoryTable), Array, Object(Livewire/Mechanisms/HandleComponents/ComponentContext))
#1 D:/Dokumen Sekolah 12/PKL/upj_tsm_k9/vendor/livewire/livewire/src/LivewireManager.php(131): Livewire/Mechanisms/HandleComponents/HandleComponents->update(Array, Array, Array)
#2 D:/Dokumen Sekolah 12/PKL/upj_tsm_k9/vendor/livewire/livewire/src/Mechanisms/HandleRequests/HandleRequests.php(190): Livewire/LivewireManager->update(Array, Array, Array)
#3 D:/Dokumen Sekolah 12/PKL/upj_tsm_k9/vendor/laravel/framework/src/Illuminate/Routing/ControllerDispatcher.php(47): Livewire/Mechanisms/HandleRequests/HandleRequests->handleUpdate()
#4 D:/Dokumen Sekolah 12/PKL/upj_tsm_k9/vendor/laravel/framework/src/Illuminate/Routing/Route.php(266): Illuminate/Routing/ControllerDispatcher->dispatch(Object(Illuminate/Routing/Route), Object(Livewire/Mechanisms/HandleRequests/HandleRequests), 'handleUpdate')
#5 D:/Dokumen Sekolah 12/PKL/upj_tsm_k9/vendor/laravel/framework/src/Illuminate/Routing/Route.php(212): Illuminate/Routing/Route->runController()
#6 D:/Dokumen Sekolah 12/PKL/upj_tsm_k9/vendor/laravel/framework/src/Illuminate/Routing/Router.php(808): Illuminate/Routing/Route->run()
#7 D:/Dokumen Sekolah 12/PKL/upj_tsm_k9/vendor/laravel/framework/src/Illuminate/Pipeline/Pipeline.php(170): Illuminate/Routing/Router->Illuminate/Routing/{closure}(Object(Illuminate/Http/Request))
#8 D:/Dokumen Sekolah 12/PKL/upj_tsm_k9/vendor/livewire/livewire/src/Mechanisms/HandleRequests/RequireLivewireHeaders.php(19): Illuminate/Pipeline/Pipeline->Illuminate/Pipeline/{closure}(Object(Illuminate/Http/Request))
#9 D:/Dokumen Sekolah 12/PKL/upj_tsm_k9/vendor/laravel/framework/src/Illuminate/Pipeline/Pipeline.php(209): Livewire/Mechanisms/HandleRequests/RequireLivewireHeaders->handle(Object(Illuminate/Http/Request), Object(Closure))
#10 D:/Dokumen Sekolah 12/PKL/upj_tsm_k9/app/Http/Middleware/SecurityHeaders.php(13): Illuminate/Pipeline/Pipeline->Illuminate/Pipeline/{closure}(Object(Illuminate/Http/Request))
#11 D:/Dokumen Sekolah 12/PKL/upj_tsm_k9/vendor/laravel/framework/src/Illuminate/Pipeline/Pipeline.php(209): App/Http/Middleware/SecurityHeaders->handle(Object(Illuminate/Http/Request), Object(Closure))
#12 D:/Dokumen Sekolah 12/PKL/upj_tsm_k9/vendor/laravel/framework/src/Illuminate/Routing/Middleware/SubstituteBindings.php(51): Illuminate/Pipeline/Pipeline->Illuminate/Pipeline/{closure}(Object(Illuminate/Http/Request))
#13 D:/Dokumen Sekolah 12/PKL/upj_tsm_k9/vendor/laravel/framework/src/Illuminate/Pipeline/Pipeline.php(209): Illuminate/Routing/Middleware/SubstituteBindings->handle(Object(Illuminate/Http/Request), Object(Closure))
#14 D:/Dokumen Sekolah 12/PKL/upj_tsm_k9/vendor/laravel/framework/src/Illuminate/Foundation/Http/Middleware/VerifyCsrfToken.php(88): Illuminate/Pipeline/Pipeline->Illuminate/Pipeline/{closure}(Object(Illuminate/Http/Request))
#15 D:/Dokumen Sekolah 12/PKL/upj_tsm_k9/vendor/laravel/framework/src/Illuminate/Pipeline/Pipeline.php(209): Illuminate/Foundation/Http/Middleware/VerifyCsrfToken->handle(Object(Illuminate/Http/Request), Object(Closure))
#16 D:/Dokumen Sekolah 12/PKL/upj_tsm_k9/vendor/laravel/framework/src/Illuminate/View/Middleware/ShareErrorsFromSession.php(49): Illuminate/Pipeline/Pipeline->Illuminate/Pipeline/{closure}(Object(Illuminate/Http/Request))
#17 D:/Dokumen Sekolah 12/PKL/upj_tsm_k9/vendor/laravel/framework/src/Illuminate/Pipeline/Pipeline.php(209): Illuminate/View/Middleware/ShareErrorsFromSession->handle(Object(Illuminate/Http/Request), Object(Closure))
#18 D:/Dokumen Sekolah 12/PKL/upj_tsm_k9/vendor/laravel/framework/src/Illuminate/Session/Middleware/StartSession.php(121): Illuminate/Pipeline/Pipeline->Illuminate/Pipeline/{closure}(Object(Illuminate/Http/Request))
#19 D:/Dokumen Sekolah 12/PKL/upj_tsm_k9/vendor/laravel/framework/src/Illuminate/Session/Middleware/StartSession.php(64): Illuminate/Session/Middleware/StartSession->handleStatefulRequest(Object(Illuminate/Http/Request), Object(Illuminate/Session/Store), Object(Closure))
#20 D:/Dokumen Sekolah 12/PKL/upj_tsm_k9/vendor/laravel/framework/src/Illuminate/Pipeline/Pipeline.php(209): Illuminate/Session/Middleware/StartSession->handle(Object(Illuminate/Http/Request), Object(Closure))
#21 D:/Dokumen Sekolah 12/PKL/upj_tsm_k9/vendor/laravel/framework/src/Illuminate/Cookie/Middleware/AddQueuedCookiesToResponse.php(37): Illuminate/Pipeline/Pipeline->Illuminate/Pipeline/{closure}(Object(Illuminate/Http/Request))
#22 D:/Dokumen Sekolah 12/PKL/upj_tsm_k9/vendor/laravel/framework/src/Illuminate/Pipeline/Pipeline.php(209): Illuminate/Cookie/Middleware/AddQueuedCookiesToResponse->handle(Object(Illuminate/Http/Request), Object(Closure))
#23 D:/Dokumen Sekolah 12/PKL/upj_tsm_k9/vendor/laravel/framework/src/Illuminate/Cookie/Middleware/EncryptCookies.php(75): Illuminate/Pipeline/Pipeline->Illuminate/Pipeline/{closure}(Object(Illuminate/Http/Request))
#24 D:/Dokumen Sekolah 12/PKL/upj_tsm_k9/vendor/laravel/framework/src/Illuminate/Pipeline/Pipeline.php(209): Illuminate/Cookie/Middleware/EncryptCookies->handle(Object(Illuminate/Http/Request), Object(Closure))
#25 D:/Dokumen Sekolah 12/PKL/upj_tsm_k9/vendor/laravel/framework/src/Illuminate/Pipeline/Pipeline.php(127): Illuminate/Pipeline/Pipeline->Illuminate/Pipeline/{closure}(Object(Illuminate/Http/Request))
#26 D:/Dokumen Sekolah 12/PKL/upj_tsm_k9/vendor/laravel/framework/src/Illuminate/Routing/Router.php(807): Illuminate/Pipeline/Pipeline->then(Object(Closure))
#27 D:/Dokumen Sekolah 12/PKL/upj_tsm_k9/vendor/laravel/framework/src/Illuminate/Routing/Router.php(786): Illuminate/Routing/Router->runRouteWithinStack(Object(Illuminate/Routing/Route), Object(Illuminate/Http/Request))
#28 D:/Dokumen Sekolah 12/PKL/upj_tsm_k9/vendor/laravel/framework/src/Illuminate/Routing/Router.php(750): Illuminate/Routing/Router->runRoute(Object(Illuminate/Http/Request), Object(Illuminate/Routing/Route))
#29 D:/Dokumen Sekolah 12/PKL/upj_tsm_k9/vendor/laravel/framework/src/Illuminate/Routing/Router.php(739): Illuminate/Routing/Router->dispatchToRoute(Object(Illuminate/Http/Request))
#30 D:/Dokumen Sekolah 12/PKL/upj_tsm_k9/vendor/laravel/framework/src/Illuminate/Foundation/Http/Kernel.php(201): Illuminate/Routing/Router->dispatch(Object(Illuminate/Http/Request))
#31 D:/Dokumen Sekolah 12/PKL/upj_tsm_k9/vendor/laravel/framework/src/Illuminate/Pipeline/Pipeline.php(170): Illuminate/Foundation/Http/Kernel->Illuminate/Foundation/Http/{closure}(Object(Illuminate/Http/Request))
#32 D:/Dokumen Sekolah 12/PKL/upj_tsm_k9/vendor/livewire/livewire/src/Features/SupportDisablingBackButtonCache/DisableBackButtonCacheMiddleware.php(19): Illuminate/Pipeline/Pipeline->Illuminate/Pipeline/{closure}(Object(Illuminate/Http/Request))
#33 D:/Dokumen Sekolah 12/PKL/upj_tsm_k9/vendor/laravel/framework/src/Illuminate/Pipeline/Pipeline.php(209): Livewire/Features/SupportDisablingBackButtonCache/DisableBackButtonCacheMiddleware->handle(Object(Illuminate/Http/Request), Object(Closure))
#34 D:/Dokumen Sekolah 12/PKL/upj_tsm_k9/vendor/laravel/framework/src/Illuminate/Foundation/Http/Middleware/ConvertEmptyStringsToNull.php(27): Illuminate/Pipeline/Pipeline->Illuminate/Pipeline/{closure}(Object(Illuminate/Http/Request))
#35 D:/Dokumen Sekolah 12/PKL/upj_tsm_k9/vendor/laravel/framework/src/Illuminate/Pipeline/Pipeline.php(209): Illuminate/Foundation/Http/Middleware/ConvertEmptyStringsToNull->handle(Object(Illuminate/Http/Request), Object(Closure))
#36 D:/Dokumen Sekolah 12/PKL/upj_tsm_k9/vendor/laravel/framework/src/Illuminate/Foundation/Http/Middleware/TrimStrings.php(47): Illuminate/Pipeline/Pipeline->Illuminate/Pipeline/{closure}(Object(Illuminate/Http/Request))
#37 D:/Dokumen Sekolah 12/PKL/upj_tsm_k9/vendor/laravel/framework/src/Illuminate/Pipeline/Pipeline.php(209): Illuminate/Foundation/Http/Middleware/TrimStrings->handle(Object(Illuminate/Http/Request), Object(Closure))
#38 D:/Dokumen Sekolah 12/PKL/upj_tsm_k9/vendor/laravel/framework/src/Illuminate/Http/Middleware/ValidatePostSize.php(27): Illuminate/Pipeline/Pipeline->Illuminate/Pipeline/{closure}(Object(Illuminate/Http/Request))
#39 D:/Dokumen Sekolah 12/PKL/upj_tsm_k9/vendor/laravel/framework/src/Illuminate/Pipeline/Pipeline.php(209): Illuminate/Http/Middleware/ValidatePostSize->handle(Object(Illuminate/Http/Request), Object(Closure))
#40 D:/Dokumen Sekolah 12/PKL/upj_tsm_k9/vendor/laravel/framework/src/Illuminate/Foundation/Http/Middleware/PreventRequestsDuringMaintenance.php(110): Illuminate/Pipeline/Pipeline->Illuminate/Pipeline/{closure}(Object(Illuminate/Http/Request))
#41 D:/Dokumen Sekolah 12/PKL/upj_tsm_k9/vendor/laravel/framework/src/Illuminate/Pipeline/Pipeline.php(209): Illuminate/Foundation/Http/Middleware/PreventRequestsDuringMaintenance->handle(Object(Illuminate/Http/Request), Object(Closure))
#42 D:/Dokumen Sekolah 12/PKL/upj_tsm_k9/vendor/laravel/framework/src/Illuminate/Http/Middleware/HandleCors.php(49): Illuminate/Pipeline/Pipeline->Illuminate/Pipeline/{closure}(Object(Illuminate/Http/Request))
#43 D:/Dokumen Sekolah 12/PKL/upj_tsm_k9/vendor/laravel/framework/src/Illuminate/Pipeline/Pipeline.php(209): Illuminate/Http/Middleware/HandleCors->handle(Object(Illuminate/Http/Request), Object(Closure))
#44 D:/Dokumen Sekolah 12/PKL/upj_tsm_k9/vendor/laravel/framework/src/Illuminate/Http/Middleware/TrustProxies.php(58): Illuminate/Pipeline/Pipeline->Illuminate/Pipeline/{closure}(Object(Illuminate/Http/Request))
#45 D:/Dokumen Sekolah 12/PKL/upj_tsm_k9/vendor/laravel/framework/src/Illuminate/Pipeline/Pipeline.php(209): Illuminate/Http/Middleware/TrustProxies->handle(Object(Illuminate/Http/Request), Object(Closure))
#46 D:/Dokumen Sekolah 12/PKL/upj_tsm_k9/vendor/laravel/framework/src/Illuminate/Foundation/Http/Middleware/InvokeDeferredCallbacks.php(22): Illuminate/Pipeline/Pipeline->Illuminate/Pipeline/{closure}(Object(Illuminate/Http/Request))
#47 D:/Dokumen Sekolah 12/PKL/upj_tsm_k9/vendor/laravel/framework/src/Illuminate/Pipeline/Pipeline.php(209): Illuminate/Foundation/Http/Middleware/InvokeDeferredCallbacks->handle(Object(Illuminate/Http/Request), Object(Closure))
#48 D:/Dokumen Sekolah 12/PKL/upj_tsm_k9/vendor/laravel/framework/src/Illuminate/Pipeline/Pipeline.php(127): Illuminate/Pipeline/Pipeline->Illuminate/Pipeline/{closure}(Object(Illuminate/Http/Request))
#49 D:/Dokumen Sekolah 12/PKL/upj_tsm_k9/vendor/laravel/framework/src/Illuminate/Foundation/Http/Kernel.php(176): Illuminate/Pipeline/Pipeline->then(Object(Closure))
#50 D:/Dokumen Sekolah 12/PKL/upj_tsm_k9/vendor/laravel/framework/src/Illuminate/Foundation/Http/Kernel.php(145): Illuminate/Foundation/Http/Kernel->sendRequestThroughRouter(Object(Illuminate/Http/Request))
#51 D:/Dokumen Sekolah 12/PKL/upj_tsm_k9/vendor/laravel/framework/src/Illuminate/Foundation/Application.php(1220): Illuminate/Foundation/Http/Kernel->handle(Object(Illuminate/Http/Request))
#52 D:/Dokumen Sekolah 12/PKL/upj_tsm_k9/public/index.php(17): Illuminate/Foundation/Application->handleRequest(Object(Illuminate/Http/Request))
#53 D:/Dokumen Sekolah 12/PKL/upj_tsm_k9/vendor/laravel/framework/src/Illuminate/Foundation/resources/server.php(23): require_once('D://Dokumen Seko...')
#54 {main}
"} 
[2026-04-27 17:57:06] local.ERROR: Unable to call component method. Public method [resetValidation] not found on component {"userId":6,"exception":"[object] (Livewire\\Exceptions\\MethodNotFoundException(code: 0): Unable to call component method. Public method [resetValidation] not found on component at D:/Dokumen Sekolah 12/PKL/upj_tsm_k9/vendor/livewire/livewire/src/Mechanisms/HandleComponents/HandleComponents.php:656)
[stacktrace]
#0 D:/Dokumen Sekolah 12/PKL/upj_tsm_k9/vendor/livewire/livewire/src/Mechanisms/HandleComponents/HandleComponents.php(239): Livewire/Mechanisms/HandleComponents/HandleComponents->callMethods(Object(App/Livewire/InventoryTable), Array, Object(Livewire/Mechanisms/HandleComponents/ComponentContext))
#1 D:/Dokumen Sekolah 12/PKL/upj_tsm_k9/vendor/livewire/livewire/src/LivewireManager.php(131): Livewire/Mechanisms/HandleComponents/HandleComponents->update(Array, Array, Array)
#2 D:/Dokumen Sekolah 12/PKL/upj_tsm_k9/vendor/livewire/livewire/src/Mechanisms/HandleRequests/HandleRequests.php(190): Livewire/LivewireManager->update(Array, Array, Array)
#3 D:/Dokumen Sekolah 12/PKL/upj_tsm_k9/vendor/laravel/framework/src/Illuminate/Routing/ControllerDispatcher.php(47): Livewire/Mechanisms/HandleRequests/HandleRequests->handleUpdate()
#4 D:/Dokumen Sekolah 12/PKL/upj_tsm_k9/vendor/laravel/framework/src/Illuminate/Routing/Route.php(266): Illuminate/Routing/ControllerDispatcher->dispatch(Object(Illuminate/Routing/Route), Object(Livewire/Mechanisms/HandleRequests/HandleRequests), 'handleUpdate')
#5 D:/Dokumen Sekolah 12/PKL/upj_tsm_k9/vendor/laravel/framework/src/Illuminate/Routing/Route.php(212): Illuminate/Routing/Route->runController()
#6 D:/Dokumen Sekolah 12/PKL/upj_tsm_k9/vendor/laravel/framework/src/Illuminate/Routing/Router.php(808): Illuminate/Routing/Route->run()
#7 D:/Dokumen Sekolah 12/PKL/upj_tsm_k9/vendor/laravel/framework/src/Illuminate/Pipeline/Pipeline.php(170): Illuminate/Routing/Router->Illuminate/Routing/{closure}(Object(Illuminate/Http/Request))
#8 D:/Dokumen Sekolah 12/PKL/upj_tsm_k9/vendor/livewire/livewire/src/Mechanisms/HandleRequests/RequireLivewireHeaders.php(19): Illuminate/Pipeline/Pipeline->Illuminate/Pipeline/{closure}(Object(Illuminate/Http/Request))
#9 D:/Dokumen Sekolah 12/PKL/upj_tsm_k9/vendor/laravel/framework/src/Illuminate/Pipeline/Pipeline.php(209): Livewire/Mechanisms/HandleRequests/RequireLivewireHeaders->handle(Object(Illuminate/Http/Request), Object(Closure))
#10 D:/Dokumen Sekolah 12/PKL/upj_tsm_k9/app/Http/Middleware/SecurityHeaders.php(13): Illuminate/Pipeline/Pipeline->Illuminate/Pipeline/{closure}(Object(Illuminate/Http/Request))
#11 D:/Dokumen Sekolah 12/PKL/upj_tsm_k9/vendor/laravel/framework/src/Illuminate/Pipeline/Pipeline.php(209): App/Http/Middleware/SecurityHeaders->handle(Object(Illuminate/Http/Request), Object(Closure))
#12 D:/Dokumen Sekolah 12/PKL/upj_tsm_k9/vendor/laravel/framework/src/Illuminate/Routing/Middleware/SubstituteBindings.php(51): Illuminate/Pipeline/Pipeline->Illuminate/Pipeline/{closure}(Object(Illuminate/Http/Request))
#13 D:/Dokumen Sekolah 12/PKL/upj_tsm_k9/vendor/laravel/framework/src/Illuminate/Pipeline/Pipeline.php(209): Illuminate/Routing/Middleware/SubstituteBindings->handle(Object(Illuminate/Http/Request), Object(Closure))
#14 D:/Dokumen Sekolah 12/PKL/upj_tsm_k9/vendor/laravel/framework/src/Illuminate/Foundation/Http/Middleware/VerifyCsrfToken.php(88): Illuminate/Pipeline/Pipeline->Illuminate/Pipeline/{closure}(Object(Illuminate/Http/Request))
#15 D:/Dokumen Sekolah 12/PKL/upj_tsm_k9/vendor/laravel/framework/src/Illuminate/Pipeline/Pipeline.php(209): Illuminate/Foundation/Http/Middleware/VerifyCsrfToken->handle(Object(Illuminate/Http/Request), Object(Closure))
#16 D:/Dokumen Sekolah 12/PKL/upj_tsm_k9/vendor/laravel/framework/src/Illuminate/View/Middleware/ShareErrorsFromSession.php(49): Illuminate/Pipeline/Pipeline->Illuminate/Pipeline/{closure}(Object(Illuminate/Http/Request))
#17 D:/Dokumen Sekolah 12/PKL/upj_tsm_k9/vendor/laravel/framework/src/Illuminate/Pipeline/Pipeline.php(209): Illuminate/View/Middleware/ShareErrorsFromSession->handle(Object(Illuminate/Http/Request), Object(Closure))
#18 D:/Dokumen Sekolah 12/PKL/upj_tsm_k9/vendor/laravel/framework/src/Illuminate/Session/Middleware/StartSession.php(121): Illuminate/Pipeline/Pipeline->Illuminate/Pipeline/{closure}(Object(Illuminate/Http/Request))
#19 D:/Dokumen Sekolah 12/PKL/upj_tsm_k9/vendor/laravel/framework/src/Illuminate/Session/Middleware/StartSession.php(64): Illuminate/Session/Middleware/StartSession->handleStatefulRequest(Object(Illuminate/Http/Request), Object(Illuminate/Session/Store), Object(Closure))
#20 D:/Dokumen Sekolah 12/PKL/upj_tsm_k9/vendor/laravel/framework/src/Illuminate/Pipeline/Pipeline.php(209): Illuminate/Session/Middleware/StartSession->handle(Object(Illuminate/Http/Request), Object(Closure))
#21 D:/Dokumen Sekolah 12/PKL/upj_tsm_k9/vendor/laravel/framework/src/Illuminate/Cookie/Middleware/AddQueuedCookiesToResponse.php(37): Illuminate/Pipeline/Pipeline->Illuminate/Pipeline/{closure}(Object(Illuminate/Http/Request))
#22 D:/Dokumen Sekolah 12/PKL/upj_tsm_k9/vendor/laravel/framework/src/Illuminate/Pipeline/Pipeline.php(209): Illuminate/Cookie/Middleware/AddQueuedCookiesToResponse->handle(Object(Illuminate/Http/Request), Object(Closure))
#23 D:/Dokumen Sekolah 12/PKL/upj_tsm_k9/vendor/laravel/framework/src/Illuminate/Cookie/Middleware/EncryptCookies.php(75): Illuminate/Pipeline/Pipeline->Illuminate/Pipeline/{closure}(Object(Illuminate/Http/Request))
#24 D:/Dokumen Sekolah 12/PKL/upj_tsm_k9/vendor/laravel/framework/src/Illuminate/Pipeline/Pipeline.php(209): Illuminate/Cookie/Middleware/EncryptCookies->handle(Object(Illuminate/Http/Request), Object(Closure))
#25 D:/Dokumen Sekolah 12/PKL/upj_tsm_k9/vendor/laravel/framework/src/Illuminate/Pipeline/Pipeline.php(127): Illuminate/Pipeline/Pipeline->Illuminate/Pipeline/{closure}(Object(Illuminate/Http/Request))
#26 D:/Dokumen Sekolah 12/PKL/upj_tsm_k9/vendor/laravel/framework/src/Illuminate/Routing/Router.php(807): Illuminate/Pipeline/Pipeline->then(Object(Closure))
#27 D:/Dokumen Sekolah 12/PKL/upj_tsm_k9/vendor/laravel/framework/src/Illuminate/Routing/Router.php(786): Illuminate/Routing/Router->runRouteWithinStack(Object(Illuminate/Routing/Route), Object(Illuminate/Http/Request))
#28 D:/Dokumen Sekolah 12/PKL/upj_tsm_k9/vendor/laravel/framework/src/Illuminate/Routing/Router.php(750): Illuminate/Routing/Router->runRoute(Object(Illuminate/Http/Request), Object(Illuminate/Routing/Route))
#29 D:/Dokumen Sekolah 12/PKL/upj_tsm_k9/vendor/laravel/framework/src/Illuminate/Routing/Router.php(739): Illuminate/Routing/Router->dispatchToRoute(Object(Illuminate/Http/Request))
#30 D:/Dokumen Sekolah 12/PKL/upj_tsm_k9/vendor/laravel/framework/src/Illuminate/Foundation/Http/Kernel.php(201): Illuminate/Routing/Router->dispatch(Object(Illuminate/Http/Request))
#31 D:/Dokumen Sekolah 12/PKL/upj_tsm_k9/vendor/laravel/framework/src/Illuminate/Pipeline/Pipeline.php(170): Illuminate/Foundation/Http/Kernel->Illuminate/Foundation/Http/{closure}(Object(Illuminate/Http/Request))
#32 D:/Dokumen Sekolah 12/PKL/upj_tsm_k9/vendor/livewire/livewire/src/Features/SupportDisablingBackButtonCache/DisableBackButtonCacheMiddleware.php(19): Illuminate/Pipeline/Pipeline->Illuminate/Pipeline/{closure}(Object(Illuminate/Http/Request))
#33 D:/Dokumen Sekolah 12/PKL/upj_tsm_k9/vendor/laravel/framework/src/Illuminate/Pipeline/Pipeline.php(209): Livewire/Features/SupportDisablingBackButtonCache/DisableBackButtonCacheMiddleware->handle(Object(Illuminate/Http/Request), Object(Closure))
#34 D:/Dokumen Sekolah 12/PKL/upj_tsm_k9/vendor/laravel/framework/src/Illuminate/Foundation/Http/Middleware/ConvertEmptyStringsToNull.php(27): Illuminate/Pipeline/Pipeline->Illuminate/Pipeline/{closure}(Object(Illuminate/Http/Request))
#35 D:/Dokumen Sekolah 12/PKL/upj_tsm_k9/vendor/laravel/framework/src/Illuminate/Pipeline/Pipeline.php(209): Illuminate/Foundation/Http/Middleware/ConvertEmptyStringsToNull->handle(Object(Illuminate/Http/Request), Object(Closure))
#36 D:/Dokumen Sekolah 12/PKL/upj_tsm_k9/vendor/laravel/framework/src/Illuminate/Foundation/Http/Middleware/TrimStrings.php(47): Illuminate/Pipeline/Pipeline->Illuminate/Pipeline/{closure}(Object(Illuminate/Http/Request))
#37 D:/Dokumen Sekolah 12/PKL/upj_tsm_k9/vendor/laravel/framework/src/Illuminate/Pipeline/Pipeline.php(209): Illuminate/Foundation/Http/Middleware/TrimStrings->handle(Object(Illuminate/Http/Request), Object(Closure))
#38 D:/Dokumen Sekolah 12/PKL/upj_tsm_k9/vendor/laravel/framework/src/Illuminate/Http/Middleware/ValidatePostSize.php(27): Illuminate/Pipeline/Pipeline->Illuminate/Pipeline/{closure}(Object(Illuminate/Http/Request))
#39 D:/Dokumen Sekolah 12/PKL/upj_tsm_k9/vendor/laravel/framework/src/Illuminate/Pipeline/Pipeline.php(209): Illuminate/Http/Middleware/ValidatePostSize->handle(Object(Illuminate/Http/Request), Object(Closure))
#40 D:/Dokumen Sekolah 12/PKL/upj_tsm_k9/vendor/laravel/framework/src/Illuminate/Foundation/Http/Middleware/PreventRequestsDuringMaintenance.php(110): Illuminate/Pipeline/Pipeline->Illuminate/Pipeline/{closure}(Object(Illuminate/Http/Request))
#41 D:/Dokumen Sekolah 12/PKL/upj_tsm_k9/vendor/laravel/framework/src/Illuminate/Pipeline/Pipeline.php(209): Illuminate/Foundation/Http/Middleware/PreventRequestsDuringMaintenance->handle(Object(Illuminate/Http/Request), Object(Closure))
#42 D:/Dokumen Sekolah 12/PKL/upj_tsm_k9/vendor/laravel/framework/src/Illuminate/Http/Middleware/HandleCors.php(49): Illuminate/Pipeline/Pipeline->Illuminate/Pipeline/{closure}(Object(Illuminate/Http/Request))
#43 D:/Dokumen Sekolah 12/PKL/upj_tsm_k9/vendor/laravel/framework/src/Illuminate/Pipeline/Pipeline.php(209): Illuminate/Http/Middleware/HandleCors->handle(Object(Illuminate/Http/Request), Object(Closure))
#44 D:/Dokumen Sekolah 12/PKL/upj_tsm_k9/vendor/laravel/framework/src/Illuminate/Http/Middleware/TrustProxies.php(58): Illuminate/Pipeline/Pipeline->Illuminate/Pipeline/{closure}(Object(Illuminate/Http/Request))
#45 D:/Dokumen Sekolah 12/PKL/upj_tsm_k9/vendor/laravel/framework/src/Illuminate/Pipeline/Pipeline.php(209): Illuminate/Http/Middleware/TrustProxies->handle(Object(Illuminate/Http/Request), Object(Closure))
#46 D:/Dokumen Sekolah 12/PKL/upj_tsm_k9/vendor/laravel/framework/src/Illuminate/Foundation/Http/Middleware/InvokeDeferredCallbacks.php(22): Illuminate/Pipeline/Pipeline->Illuminate/Pipeline/{closure}(Object(Illuminate/Http/Request))
#47 D:/Dokumen Sekolah 12/PKL/upj_tsm_k9/vendor/laravel/framework/src/Illuminate/Pipeline/Pipeline.php(209): Illuminate/Foundation/Http/Middleware/InvokeDeferredCallbacks->handle(Object(Illuminate/Http/Request), Object(Closure))
#48 D:/Dokumen Sekolah 12/PKL/upj_tsm_k9/vendor/laravel/framework/src/Illuminate/Pipeline/Pipeline.php(127): Illuminate/Pipeline/Pipeline->Illuminate/Pipeline/{closure}(Object(Illuminate/Http/Request))
#49 D:/Dokumen Sekolah 12/PKL/upj_tsm_k9/vendor/laravel/framework/src/Illuminate/Foundation/Http/Kernel.php(176): Illuminate/Pipeline/Pipeline->then(Object(Closure))
#50 D:/Dokumen Sekolah 12/PKL/upj_tsm_k9/vendor/laravel/framework/src/Illuminate/Foundation/Http/Kernel.php(145): Illuminate/Foundation/Http/Kernel->sendRequestThroughRouter(Object(Illuminate/Http/Request))
#51 D:/Dokumen Sekolah 12/PKL/upj_tsm_k9/vendor/laravel/framework/src/Illuminate/Foundation/Application.php(1220): Illuminate/Foundation/Http/Kernel->handle(Object(Illuminate/Http/Request))
#52 D:/Dokumen Sekolah 12/PKL/upj_tsm_k9/public/index.php(17): Illuminate/Foundation/Application->handleRequest(Object(Illuminate/Http/Request))
#53 D:/Dokumen Sekolah 12/PKL/upj_tsm_k9/vendor/laravel/framework/src/Illuminate/Foundation/resources/server.php(23): require_once('D://Dokumen Seko...')
#54 {main}
"} 
[2026-04-27 17:57:14] local.ERROR: Unable to call component method. Public method [resetValidation] not found on component {"userId":6,"exception":"[object] (Livewire\\Exceptions\\MethodNotFoundException(code: 0): Unable to call component method. Public method [resetValidation] not found on component at D:/Dokumen Sekolah 12/PKL/upj_tsm_k9/vendor/livewire/livewire/src/Mechanisms/HandleComponents/HandleComponents.php:656)
[stacktrace]
#0 D:/Dokumen Sekolah 12/PKL/upj_tsm_k9/vendor/livewire/livewire/src/Mechanisms/HandleComponents/HandleComponents.php(239): Livewire/Mechanisms/HandleComponents/HandleComponents->callMethods(Object(App/Livewire/InventoryTable), Array, Object(Livewire/Mechanisms/HandleComponents/ComponentContext))
#1 D:/Dokumen Sekolah 12/PKL/upj_tsm_k9/vendor/livewire/livewire/src/LivewireManager.php(131): Livewire/Mechanisms/HandleComponents/HandleComponents->update(Array, Array, Array)
#2 D:/Dokumen Sekolah 12/PKL/upj_tsm_k9/vendor/livewire/livewire/src/Mechanisms/HandleRequests/HandleRequests.php(190): Livewire/LivewireManager->update(Array, Array, Array)
#3 D:/Dokumen Sekolah 12/PKL/upj_tsm_k9/vendor/laravel/framework/src/Illuminate/Routing/ControllerDispatcher.php(47): Livewire/Mechanisms/HandleRequests/HandleRequests->handleUpdate()
#4 D:/Dokumen Sekolah 12/PKL/upj_tsm_k9/vendor/laravel/framework/src/Illuminate/Routing/Route.php(266): Illuminate/Routing/ControllerDispatcher->dispatch(Object(Illuminate/Routing/Route), Object(Livewire/Mechanisms/HandleRequests/HandleRequests), 'handleUpdate')
#5 D:/Dokumen Sekolah 12/PKL/upj_tsm_k9/vendor/laravel/framework/src/Illuminate/Routing/Route.php(212): Illuminate/Routing/Route->runController()
#6 D:/Dokumen Sekolah 12/PKL/upj_tsm_k9/vendor/laravel/framework/src/Illuminate/Routing/Router.php(808): Illuminate/Routing/Route->run()
#7 D:/Dokumen Sekolah 12/PKL/upj_tsm_k9/vendor/laravel/framework/src/Illuminate/Pipeline/Pipeline.php(170): Illuminate/Routing/Router->Illuminate/Routing/{closure}(Object(Illuminate/Http/Request))
#8 D:/Dokumen Sekolah 12/PKL/upj_tsm_k9/vendor/livewire/livewire/src/Mechanisms/HandleRequests/RequireLivewireHeaders.php(19): Illuminate/Pipeline/Pipeline->Illuminate/Pipeline/{closure}(Object(Illuminate/Http/Request))
#9 D:/Dokumen Sekolah 12/PKL/upj_tsm_k9/vendor/laravel/framework/src/Illuminate/Pipeline/Pipeline.php(209): Livewire/Mechanisms/HandleRequests/RequireLivewireHeaders->handle(Object(Illuminate/Http/Request), Object(Closure))
#10 D:/Dokumen Sekolah 12/PKL/upj_tsm_k9/app/Http/Middleware/SecurityHeaders.php(13): Illuminate/Pipeline/Pipeline->Illuminate/Pipeline/{closure}(Object(Illuminate/Http/Request))
#11 D:/Dokumen Sekolah 12/PKL/upj_tsm_k9/vendor/laravel/framework/src/Illuminate/Pipeline/Pipeline.php(209): App/Http/Middleware/SecurityHeaders->handle(Object(Illuminate/Http/Request), Object(Closure))
#12 D:/Dokumen Sekolah 12/PKL/upj_tsm_k9/vendor/laravel/framework/src/Illuminate/Routing/Middleware/SubstituteBindings.php(51): Illuminate/Pipeline/Pipeline->Illuminate/Pipeline/{closure}(Object(Illuminate/Http/Request))
#13 D:/Dokumen Sekolah 12/PKL/upj_tsm_k9/vendor/laravel/framework/src/Illuminate/Pipeline/Pipeline.php(209): Illuminate/Routing/Middleware/SubstituteBindings->handle(Object(Illuminate/Http/Request), Object(Closure))
#14 D:/Dokumen Sekolah 12/PKL/upj_tsm_k9/vendor/laravel/framework/src/Illuminate/Foundation/Http/Middleware/VerifyCsrfToken.php(88): Illuminate/Pipeline/Pipeline->Illuminate/Pipeline/{closure}(Object(Illuminate/Http/Request))
#15 D:/Dokumen Sekolah 12/PKL/upj_tsm_k9/vendor/laravel/framework/src/Illuminate/Pipeline/Pipeline.php(209): Illuminate/Foundation/Http/Middleware/VerifyCsrfToken->handle(Object(Illuminate/Http/Request), Object(Closure))
#16 D:/Dokumen Sekolah 12/PKL/upj_tsm_k9/vendor/laravel/framework/src/Illuminate/View/Middleware/ShareErrorsFromSession.php(49): Illuminate/Pipeline/Pipeline->Illuminate/Pipeline/{closure}(Object(Illuminate/Http/Request))
#17 D:/Dokumen Sekolah 12/PKL/upj_tsm_k9/vendor/laravel/framework/src/Illuminate/Pipeline/Pipeline.php(209): Illuminate/View/Middleware/ShareErrorsFromSession->handle(Object(Illuminate/Http/Request), Object(Closure))
#18 D:/Dokumen Sekolah 12/PKL/upj_tsm_k9/vendor/laravel/framework/src/Illuminate/Session/Middleware/StartSession.php(121): Illuminate/Pipeline/Pipeline->Illuminate/Pipeline/{closure}(Object(Illuminate/Http/Request))
#19 D:/Dokumen Sekolah 12/PKL/upj_tsm_k9/vendor/laravel/framework/src/Illuminate/Session/Middleware/StartSession.php(64): Illuminate/Session/Middleware/StartSession->handleStatefulRequest(Object(Illuminate/Http/Request), Object(Illuminate/Session/Store), Object(Closure))
#20 D:/Dokumen Sekolah 12/PKL/upj_tsm_k9/vendor/laravel/framework/src/Illuminate/Pipeline/Pipeline.php(209): Illuminate/Session/Middleware/StartSession->handle(Object(Illuminate/Http/Request), Object(Closure))
#21 D:/Dokumen Sekolah 12/PKL/upj_tsm_k9/vendor/laravel/framework/src/Illuminate/Cookie/Middleware/AddQueuedCookiesToResponse.php(37): Illuminate/Pipeline/Pipeline->Illuminate/Pipeline/{closure}(Object(Illuminate/Http/Request))
#22 D:/Dokumen Sekolah 12/PKL/upj_tsm_k9/vendor/laravel/framework/src/Illuminate/Pipeline/Pipeline.php(209): Illuminate/Cookie/Middleware/AddQueuedCookiesToResponse->handle(Object(Illuminate/Http/Request), Object(Closure))
#23 D:/Dokumen Sekolah 12/PKL/upj_tsm_k9/vendor/laravel/framework/src/Illuminate/Cookie/Middleware/EncryptCookies.php(75): Illuminate/Pipeline/Pipeline->Illuminate/Pipeline/{closure}(Object(Illuminate/Http/Request))
#24 D:/Dokumen Sekolah 12/PKL/upj_tsm_k9/vendor/laravel/framework/src/Illuminate/Pipeline/Pipeline.php(209): Illuminate/Cookie/Middleware/EncryptCookies->handle(Object(Illuminate/Http/Request), Object(Closure))
#25 D:/Dokumen Sekolah 12/PKL/upj_tsm_k9/vendor/laravel/framework/src/Illuminate/Pipeline/Pipeline.php(127): Illuminate/Pipeline/Pipeline->Illuminate/Pipeline/{closure}(Object(Illuminate/Http/Request))
#26 D:/Dokumen Sekolah 12/PKL/upj_tsm_k9/vendor/laravel/framework/src/Illuminate/Routing/Router.php(807): Illuminate/Pipeline/Pipeline->then(Object(Closure))
#27 D:/Dokumen Sekolah 12/PKL/upj_tsm_k9/vendor/laravel/framework/src/Illuminate/Routing/Router.php(786): Illuminate/Routing/Router->runRouteWithinStack(Object(Illuminate/Routing/Route), Object(Illuminate/Http/Request))
#28 D:/Dokumen Sekolah 12/PKL/upj_tsm_k9/vendor/laravel/framework/src/Illuminate/Routing/Router.php(750): Illuminate/Routing/Router->runRoute(Object(Illuminate/Http/Request), Object(Illuminate/Routing/Route))
#29 D:/Dokumen Sekolah 12/PKL/upj_tsm_k9/vendor/laravel/framework/src/Illuminate/Routing/Router.php(739): Illuminate/Routing/Router->dispatchToRoute(Object(Illuminate/Http/Request))
#30 D:/Dokumen Sekolah 12/PKL/upj_tsm_k9/vendor/laravel/framework/src/Illuminate/Foundation/Http/Kernel.php(201): Illuminate/Routing/Router->dispatch(Object(Illuminate/Http/Request))
#31 D:/Dokumen Sekolah 12/PKL/upj_tsm_k9/vendor/laravel/framework/src/Illuminate/Pipeline/Pipeline.php(170): Illuminate/Foundation/Http/Kernel->Illuminate/Foundation/Http/{closure}(Object(Illuminate/Http/Request))
#32 D:/Dokumen Sekolah 12/PKL/upj_tsm_k9/vendor/livewire/livewire/src/Features/SupportDisablingBackButtonCache/DisableBackButtonCacheMiddleware.php(19): Illuminate/Pipeline/Pipeline->Illuminate/Pipeline/{closure}(Object(Illuminate/Http/Request))
#33 D:/Dokumen Sekolah 12/PKL/upj_tsm_k9/vendor/laravel/framework/src/Illuminate/Pipeline/Pipeline.php(209): Livewire/Features/SupportDisablingBackButtonCache/DisableBackButtonCacheMiddleware->handle(Object(Illuminate/Http/Request), Object(Closure))
#34 D:/Dokumen Sekolah 12/PKL/upj_tsm_k9/vendor/laravel/framework/src/Illuminate/Foundation/Http/Middleware/ConvertEmptyStringsToNull.php(27): Illuminate/Pipeline/Pipeline->Illuminate/Pipeline/{closure}(Object(Illuminate/Http/Request))
#35 D:/Dokumen Sekolah 12/PKL/upj_tsm_k9/vendor/laravel/framework/src/Illuminate/Pipeline/Pipeline.php(209): Illuminate/Foundation/Http/Middleware/ConvertEmptyStringsToNull->handle(Object(Illuminate/Http/Request), Object(Closure))
#36 D:/Dokumen Sekolah 12/PKL/upj_tsm_k9/vendor/laravel/framework/src/Illuminate/Foundation/Http/Middleware/TrimStrings.php(47): Illuminate/Pipeline/Pipeline->Illuminate/Pipeline/{closure}(Object(Illuminate/Http/Request))
#37 D:/Dokumen Sekolah 12/PKL/upj_tsm_k9/vendor/laravel/framework/src/Illuminate/Pipeline/Pipeline.php(209): Illuminate/Foundation/Http/Middleware/TrimStrings->handle(Object(Illuminate/Http/Request), Object(Closure))
#38 D:/Dokumen Sekolah 12/PKL/upj_tsm_k9/vendor/laravel/framework/src/Illuminate/Http/Middleware/ValidatePostSize.php(27): Illuminate/Pipeline/Pipeline->Illuminate/Pipeline/{closure}(Object(Illuminate/Http/Request))
#39 D:/Dokumen Sekolah 12/PKL/upj_tsm_k9/vendor/laravel/framework/src/Illuminate/Pipeline/Pipeline.php(209): Illuminate/Http/Middleware/ValidatePostSize->handle(Object(Illuminate/Http/Request), Object(Closure))
#40 D:/Dokumen Sekolah 12/PKL/upj_tsm_k9/vendor/laravel/framework/src/Illuminate/Foundation/Http/Middleware/PreventRequestsDuringMaintenance.php(110): Illuminate/Pipeline/Pipeline->Illuminate/Pipeline/{closure}(Object(Illuminate/Http/Request))
#41 D:/Dokumen Sekolah 12/PKL/upj_tsm_k9/vendor/laravel/framework/src/Illuminate/Pipeline/Pipeline.php(209): Illuminate/Foundation/Http/Middleware/PreventRequestsDuringMaintenance->handle(Object(Illuminate/Http/Request), Object(Closure))
#42 D:/Dokumen Sekolah 12/PKL/upj_tsm_k9/vendor/laravel/framework/src/Illuminate/Http/Middleware/HandleCors.php(49): Illuminate/Pipeline/Pipeline->Illuminate/Pipeline/{closure}(Object(Illuminate/Http/Request))
#43 D:/Dokumen Sekolah 12/PKL/upj_tsm_k9/vendor/laravel/framework/src/Illuminate/Pipeline/Pipeline.php(209): Illuminate/Http/Middleware/HandleCors->handle(Object(Illuminate/Http/Request), Object(Closure))
#44 D:/Dokumen Sekolah 12/PKL/upj_tsm_k9/vendor/laravel/framework/src/Illuminate/Http/Middleware/TrustProxies.php(58): Illuminate/Pipeline/Pipeline->Illuminate/Pipeline/{closure}(Object(Illuminate/Http/Request))
#45 D:/Dokumen Sekolah 12/PKL/upj_tsm_k9/vendor/laravel/framework/src/Illuminate/Pipeline/Pipeline.php(209): Illuminate/Http/Middleware/TrustProxies->handle(Object(Illuminate/Http/Request), Object(Closure))
#46 D:/Dokumen Sekolah 12/PKL/upj_tsm_k9/vendor/laravel/framework/src/Illuminate/Foundation/Http/Middleware/InvokeDeferredCallbacks.php(22): Illuminate/Pipeline/Pipeline->Illuminate/Pipeline/{closure}(Object(Illuminate/Http/Request))
#47 D:/Dokumen Sekolah 12/PKL/upj_tsm_k9/vendor/laravel/framework/src/Illuminate/Pipeline/Pipeline.php(209): Illuminate/Foundation/Http/Middleware/InvokeDeferredCallbacks->handle(Object(Illuminate/Http/Request), Object(Closure))
#48 D:/Dokumen Sekolah 12/PKL/upj_tsm_k9/vendor/laravel/framework/src/Illuminate/Pipeline/Pipeline.php(127): Illuminate/Pipeline/Pipeline->Illuminate/Pipeline/{closure}(Object(Illuminate/Http/Request))
#49 D:/Dokumen Sekolah 12/PKL/upj_tsm_k9/vendor/laravel/framework/src/Illuminate/Foundation/Http/Kernel.php(176): Illuminate/Pipeline/Pipeline->then(Object(Closure))
#50 D:/Dokumen Sekolah 12/PKL/upj_tsm_k9/vendor/laravel/framework/src/Illuminate/Foundation/Http/Kernel.php(145): Illuminate/Foundation/Http/Kernel->sendRequestThroughRouter(Object(Illuminate/Http/Request))
#51 D:/Dokumen Sekolah 12/PKL/upj_tsm_k9/vendor/laravel/framework/src/Illuminate/Foundation/Application.php(1220): Illuminate/Foundation/Http/Kernel->handle(Object(Illuminate/Http/Request))
#52 D:/Dokumen Sekolah 12/PKL/upj_tsm_k9/public/index.php(17): Illuminate/Foundation/Application->handleRequest(Object(Illuminate/Http/Request))
#53 D:/Dokumen Sekolah 12/PKL/upj_tsm_k9/vendor/laravel/framework/src/Illuminate/Foundation/resources/server.php(23): require_once('D://Dokumen Seko...')
#54 {main}
"} 
[2026-04-27 17:57:27] local.ERROR: Unable to call component method. Public method [resetValidation] not found on component {"userId":6,"exception":"[object] (Livewire\\Exceptions\\MethodNotFoundException(code: 0): Unable to call component method. Public method [resetValidation] not found on component at D:/Dokumen Sekolah 12/PKL/upj_tsm_k9/vendor/livewire/livewire/src/Mechanisms/HandleComponents/HandleComponents.php:656)
[stacktrace]
#0 D:/Dokumen Sekolah 12/PKL/upj_tsm_k9/vendor/livewire/livewire/src/Mechanisms/HandleComponents/HandleComponents.php(239): Livewire/Mechanisms/HandleComponents/HandleComponents->callMethods(Object(App/Livewire/InventoryTable), Array, Object(Livewire/Mechanisms/HandleComponents/ComponentContext))
#1 D:/Dokumen Sekolah 12/PKL/upj_tsm_k9/vendor/livewire/livewire/src/LivewireManager.php(131): Livewire/Mechanisms/HandleComponents/HandleComponents->update(Array, Array, Array)
#2 D:/Dokumen Sekolah 12/PKL/upj_tsm_k9/vendor/livewire/livewire/src/Mechanisms/HandleRequests/HandleRequests.php(190): Livewire/LivewireManager->update(Array, Array, Array)
#3 D:/Dokumen Sekolah 12/PKL/upj_tsm_k9/vendor/laravel/framework/src/Illuminate/Routing/ControllerDispatcher.php(47): Livewire/Mechanisms/HandleRequests/HandleRequests->handleUpdate()
#4 D:/Dokumen Sekolah 12/PKL/upj_tsm_k9/vendor/laravel/framework/src/Illuminate/Routing/Route.php(266): Illuminate/Routing/ControllerDispatcher->dispatch(Object(Illuminate/Routing/Route), Object(Livewire/Mechanisms/HandleRequests/HandleRequests), 'handleUpdate')
#5 D:/Dokumen Sekolah 12/PKL/upj_tsm_k9/vendor/laravel/framework/src/Illuminate/Routing/Route.php(212): Illuminate/Routing/Route->runController()
#6 D:/Dokumen Sekolah 12/PKL/upj_tsm_k9/vendor/laravel/framework/src/Illuminate/Routing/Router.php(808): Illuminate/Routing/Route->run()
#7 D:/Dokumen Sekolah 12/PKL/upj_tsm_k9/vendor/laravel/framework/src/Illuminate/Pipeline/Pipeline.php(170): Illuminate/Routing/Router->Illuminate/Routing/{closure}(Object(Illuminate/Http/Request))
#8 D:/Dokumen Sekolah 12/PKL/upj_tsm_k9/vendor/livewire/livewire/src/Mechanisms/HandleRequests/RequireLivewireHeaders.php(19): Illuminate/Pipeline/Pipeline->Illuminate/Pipeline/{closure}(Object(Illuminate/Http/Request))
#9 D:/Dokumen Sekolah 12/PKL/upj_tsm_k9/vendor/laravel/framework/src/Illuminate/Pipeline/Pipeline.php(209): Livewire/Mechanisms/HandleRequests/RequireLivewireHeaders->handle(Object(Illuminate/Http/Request), Object(Closure))
#10 D:/Dokumen Sekolah 12/PKL/upj_tsm_k9/app/Http/Middleware/SecurityHeaders.php(13): Illuminate/Pipeline/Pipeline->Illuminate/Pipeline/{closure}(Object(Illuminate/Http/Request))
#11 D:/Dokumen Sekolah 12/PKL/upj_tsm_k9/vendor/laravel/framework/src/Illuminate/Pipeline/Pipeline.php(209): App/Http/Middleware/SecurityHeaders->handle(Object(Illuminate/Http/Request), Object(Closure))
#12 D:/Dokumen Sekolah 12/PKL/upj_tsm_k9/vendor/laravel/framework/src/Illuminate/Routing/Middleware/SubstituteBindings.php(51): Illuminate/Pipeline/Pipeline->Illuminate/Pipeline/{closure}(Object(Illuminate/Http/Request))
#13 D:/Dokumen Sekolah 12/PKL/upj_tsm_k9/vendor/laravel/framework/src/Illuminate/Pipeline/Pipeline.php(209): Illuminate/Routing/Middleware/SubstituteBindings->handle(Object(Illuminate/Http/Request), Object(Closure))
#14 D:/Dokumen Sekolah 12/PKL/upj_tsm_k9/vendor/laravel/framework/src/Illuminate/Foundation/Http/Middleware/VerifyCsrfToken.php(88): Illuminate/Pipeline/Pipeline->Illuminate/Pipeline/{closure}(Object(Illuminate/Http/Request))
#15 D:/Dokumen Sekolah 12/PKL/upj_tsm_k9/vendor/laravel/framework/src/Illuminate/Pipeline/Pipeline.php(209): Illuminate/Foundation/Http/Middleware/VerifyCsrfToken->handle(Object(Illuminate/Http/Request), Object(Closure))
#16 D:/Dokumen Sekolah 12/PKL/upj_tsm_k9/vendor/laravel/framework/src/Illuminate/View/Middleware/ShareErrorsFromSession.php(49): Illuminate/Pipeline/Pipeline->Illuminate/Pipeline/{closure}(Object(Illuminate/Http/Request))
#17 D:/Dokumen Sekolah 12/PKL/upj_tsm_k9/vendor/laravel/framework/src/Illuminate/Pipeline/Pipeline.php(209): Illuminate/View/Middleware/ShareErrorsFromSession->handle(Object(Illuminate/Http/Request), Object(Closure))
#18 D:/Dokumen Sekolah 12/PKL/upj_tsm_k9/vendor/laravel/framework/src/Illuminate/Session/Middleware/StartSession.php(121): Illuminate/Pipeline/Pipeline->Illuminate/Pipeline/{closure}(Object(Illuminate/Http/Request))
#19 D:/Dokumen Sekolah 12/PKL/upj_tsm_k9/vendor/laravel/framework/src/Illuminate/Session/Middleware/StartSession.php(64): Illuminate/Session/Middleware/StartSession->handleStatefulRequest(Object(Illuminate/Http/Request), Object(Illuminate/Session/Store), Object(Closure))
#20 D:/Dokumen Sekolah 12/PKL/upj_tsm_k9/vendor/laravel/framework/src/Illuminate/Pipeline/Pipeline.php(209): Illuminate/Session/Middleware/StartSession->handle(Object(Illuminate/Http/Request), Object(Closure))
#21 D:/Dokumen Sekolah 12/PKL/upj_tsm_k9/vendor/laravel/framework/src/Illuminate/Cookie/Middleware/AddQueuedCookiesToResponse.php(37): Illuminate/Pipeline/Pipeline->Illuminate/Pipeline/{closure}(Object(Illuminate/Http/Request))
#22 D:/Dokumen Sekolah 12/PKL/upj_tsm_k9/vendor/laravel/framework/src/Illuminate/Pipeline/Pipeline.php(209): Illuminate/Cookie/Middleware/AddQueuedCookiesToResponse->handle(Object(Illuminate/Http/Request), Object(Closure))
#23 D:/Dokumen Sekolah 12/PKL/upj_tsm_k9/vendor/laravel/framework/src/Illuminate/Cookie/Middleware/EncryptCookies.php(75): Illuminate/Pipeline/Pipeline->Illuminate/Pipeline/{closure}(Object(Illuminate/Http/Request))
#24 D:/Dokumen Sekolah 12/PKL/upj_tsm_k9/vendor/laravel/framework/src/Illuminate/Pipeline/Pipeline.php(209): Illuminate/Cookie/Middleware/EncryptCookies->handle(Object(Illuminate/Http/Request), Object(Closure))
#25 D:/Dokumen Sekolah 12/PKL/upj_tsm_k9/vendor/laravel/framework/src/Illuminate/Pipeline/Pipeline.php(127): Illuminate/Pipeline/Pipeline->Illuminate/Pipeline/{closure}(Object(Illuminate/Http/Request))
#26 D:/Dokumen Sekolah 12/PKL/upj_tsm_k9/vendor/laravel/framework/src/Illuminate/Routing/Router.php(807): Illuminate/Pipeline/Pipeline->then(Object(Closure))
#27 D:/Dokumen Sekolah 12/PKL/upj_tsm_k9/vendor/laravel/framework/src/Illuminate/Routing/Router.php(786): Illuminate/Routing/Router->runRouteWithinStack(Object(Illuminate/Routing/Route), Object(Illuminate/Http/Request))
#28 D:/Dokumen Sekolah 12/PKL/upj_tsm_k9/vendor/laravel/framework/src/Illuminate/Routing/Router.php(750): Illuminate/Routing/Router->runRoute(Object(Illuminate/Http/Request), Object(Illuminate/Routing/Route))
#29 D:/Dokumen Sekolah 12/PKL/upj_tsm_k9/vendor/laravel/framework/src/Illuminate/Routing/Router.php(739): Illuminate/Routing/Router->dispatchToRoute(Object(Illuminate/Http/Request))
#30 D:/Dokumen Sekolah 12/PKL/upj_tsm_k9/vendor/laravel/framework/src/Illuminate/Foundation/Http/Kernel.php(201): Illuminate/Routing/Router->dispatch(Object(Illuminate/Http/Request))
#31 D:/Dokumen Sekolah 12/PKL/upj_tsm_k9/vendor/laravel/framework/src/Illuminate/Pipeline/Pipeline.php(170): Illuminate/Foundation/Http/Kernel->Illuminate/Foundation/Http/{closure}(Object(Illuminate/Http/Request))
#32 D:/Dokumen Sekolah 12/PKL/upj_tsm_k9/vendor/livewire/livewire/src/Features/SupportDisablingBackButtonCache/DisableBackButtonCacheMiddleware.php(19): Illuminate/Pipeline/Pipeline->Illuminate/Pipeline/{closure}(Object(Illuminate/Http/Request))
#33 D:/Dokumen Sekolah 12/PKL/upj_tsm_k9/vendor/laravel/framework/src/Illuminate/Pipeline/Pipeline.php(209): Livewire/Features/SupportDisablingBackButtonCache/DisableBackButtonCacheMiddleware->handle(Object(Illuminate/Http/Request), Object(Closure))
#34 D:/Dokumen Sekolah 12/PKL/upj_tsm_k9/vendor/laravel/framework/src/Illuminate/Foundation/Http/Middleware/ConvertEmptyStringsToNull.php(27): Illuminate/Pipeline/Pipeline->Illuminate/Pipeline/{closure}(Object(Illuminate/Http/Request))
#35 D:/Dokumen Sekolah 12/PKL/upj_tsm_k9/vendor/laravel/framework/src/Illuminate/Pipeline/Pipeline.php(209): Illuminate/Foundation/Http/Middleware/ConvertEmptyStringsToNull->handle(Object(Illuminate/Http/Request), Object(Closure))
#36 D:/Dokumen Sekolah 12/PKL/upj_tsm_k9/vendor/laravel/framework/src/Illuminate/Foundation/Http/Middleware/TrimStrings.php(47): Illuminate/Pipeline/Pipeline->Illuminate/Pipeline/{closure}(Object(Illuminate/Http/Request))
#37 D:/Dokumen Sekolah 12/PKL/upj_tsm_k9/vendor/laravel/framework/src/Illuminate/Pipeline/Pipeline.php(209): Illuminate/Foundation/Http/Middleware/TrimStrings->handle(Object(Illuminate/Http/Request), Object(Closure))
#38 D:/Dokumen Sekolah 12/PKL/upj_tsm_k9/vendor/laravel/framework/src/Illuminate/Http/Middleware/ValidatePostSize.php(27): Illuminate/Pipeline/Pipeline->Illuminate/Pipeline/{closure}(Object(Illuminate/Http/Request))
#39 D:/Dokumen Sekolah 12/PKL/upj_tsm_k9/vendor/laravel/framework/src/Illuminate/Pipeline/Pipeline.php(209): Illuminate/Http/Middleware/ValidatePostSize->handle(Object(Illuminate/Http/Request), Object(Closure))
#40 D:/Dokumen Sekolah 12/PKL/upj_tsm_k9/vendor/laravel/framework/src/Illuminate/Foundation/Http/Middleware/PreventRequestsDuringMaintenance.php(110): Illuminate/Pipeline/Pipeline->Illuminate/Pipeline/{closure}(Object(Illuminate/Http/Request))
#41 D:/Dokumen Sekolah 12/PKL/upj_tsm_k9/vendor/laravel/framework/src/Illuminate/Pipeline/Pipeline.php(209): Illuminate/Foundation/Http/Middleware/PreventRequestsDuringMaintenance->handle(Object(Illuminate/Http/Request), Object(Closure))
#42 D:/Dokumen Sekolah 12/PKL/upj_tsm_k9/vendor/laravel/framework/src/Illuminate/Http/Middleware/HandleCors.php(49): Illuminate/Pipeline/Pipeline->Illuminate/Pipeline/{closure}(Object(Illuminate/Http/Request))
#43 D:/Dokumen Sekolah 12/PKL/upj_tsm_k9/vendor/laravel/framework/src/Illuminate/Pipeline/Pipeline.php(209): Illuminate/Http/Middleware/HandleCors->handle(Object(Illuminate/Http/Request), Object(Closure))
#44 D:/Dokumen Sekolah 12/PKL/upj_tsm_k9/vendor/laravel/framework/src/Illuminate/Http/Middleware/TrustProxies.php(58): Illuminate/Pipeline/Pipeline->Illuminate/Pipeline/{closure}(Object(Illuminate/Http/Request))
#45 D:/Dokumen Sekolah 12/PKL/upj_tsm_k9/vendor/laravel/framework/src/Illuminate/Pipeline/Pipeline.php(209): Illuminate/Http/Middleware/TrustProxies->handle(Object(Illuminate/Http/Request), Object(Closure))
#46 D:/Dokumen Sekolah 12/PKL/upj_tsm_k9/vendor/laravel/framework/src/Illuminate/Foundation/Http/Middleware/InvokeDeferredCallbacks.php(22): Illuminate/Pipeline/Pipeline->Illuminate/Pipeline/{closure}(Object(Illuminate/Http/Request))
#47 D:/Dokumen Sekolah 12/PKL/upj_tsm_k9/vendor/laravel/framework/src/Illuminate/Pipeline/Pipeline.php(209): Illuminate/Foundation/Http/Middleware/InvokeDeferredCallbacks->handle(Object(Illuminate/Http/Request), Object(Closure))
#48 D:/Dokumen Sekolah 12/PKL/upj_tsm_k9/vendor/laravel/framework/src/Illuminate/Pipeline/Pipeline.php(127): Illuminate/Pipeline/Pipeline->Illuminate/Pipeline/{closure}(Object(Illuminate/Http/Request))
#49 D:/Dokumen Sekolah 12/PKL/upj_tsm_k9/vendor/laravel/framework/src/Illuminate/Foundation/Http/Kernel.php(176): Illuminate/Pipeline/Pipeline->then(Object(Closure))
#50 D:/Dokumen Sekolah 12/PKL/upj_tsm_k9/vendor/laravel/framework/src/Illuminate/Foundation/Http/Kernel.php(145): Illuminate/Foundation/Http/Kernel->sendRequestThroughRouter(Object(Illuminate/Http/Request))
#51 D:/Dokumen Sekolah 12/PKL/upj_tsm_k9/vendor/laravel/framework/src/Illuminate/Foundation/Application.php(1220): Illuminate/Foundation/Http/Kernel->handle(Object(Illuminate/Http/Request))
#52 D:/Dokumen Sekolah 12/PKL/upj_tsm_k9/public/index.php(17): Illuminate/Foundation/Application->handleRequest(Object(Illuminate/Http/Request))
#53 D:/Dokumen Sekolah 12/PKL/upj_tsm_k9/vendor/laravel/framework/src/Illuminate/Foundation/resources/server.php(23): require_once('D://Dokumen Seko...')
#54 {main}
"} 
[2026-04-27 18:01:05] local.ERROR: Unable to call component method. Public method [clearValidation] not found on component {"userId":6,"exception":"[object] (Livewire\\Exceptions\\MethodNotFoundException(code: 0): Unable to call component method. Public method [clearValidation] not found on component at D:/Dokumen Sekolah 12/PKL/upj_tsm_k9/vendor/livewire/livewire/src/Mechanisms/HandleComponents/HandleComponents.php:656)
[stacktrace]
#0 D:/Dokumen Sekolah 12/PKL/upj_tsm_k9/vendor/livewire/livewire/src/Mechanisms/HandleComponents/HandleComponents.php(239): Livewire/Mechanisms/HandleComponents/HandleComponents->callMethods(Object(App/Livewire/InventoryTable), Array, Object(Livewire/Mechanisms/HandleComponents/ComponentContext))
#1 D:/Dokumen Sekolah 12/PKL/upj_tsm_k9/vendor/livewire/livewire/src/LivewireManager.php(131): Livewire/Mechanisms/HandleComponents/HandleComponents->update(Array, Array, Array)
#2 D:/Dokumen Sekolah 12/PKL/upj_tsm_k9/vendor/livewire/livewire/src/Mechanisms/HandleRequests/HandleRequests.php(190): Livewire/LivewireManager->update(Array, Array, Array)
#3 D:/Dokumen Sekolah 12/PKL/upj_tsm_k9/vendor/laravel/framework/src/Illuminate/Routing/ControllerDispatcher.php(47): Livewire/Mechanisms/HandleRequests/HandleRequests->handleUpdate()
#4 D:/Dokumen Sekolah 12/PKL/upj_tsm_k9/vendor/laravel/framework/src/Illuminate/Routing/Route.php(266): Illuminate/Routing/ControllerDispatcher->dispatch(Object(Illuminate/Routing/Route), Object(Livewire/Mechanisms/HandleRequests/HandleRequests), 'handleUpdate')
#5 D:/Dokumen Sekolah 12/PKL/upj_tsm_k9/vendor/laravel/framework/src/Illuminate/Routing/Route.php(212): Illuminate/Routing/Route->runController()
#6 D:/Dokumen Sekolah 12/PKL/upj_tsm_k9/vendor/laravel/framework/src/Illuminate/Routing/Router.php(808): Illuminate/Routing/Route->run()
#7 D:/Dokumen Sekolah 12/PKL/upj_tsm_k9/vendor/laravel/framework/src/Illuminate/Pipeline/Pipeline.php(170): Illuminate/Routing/Router->Illuminate/Routing/{closure}(Object(Illuminate/Http/Request))
#8 D:/Dokumen Sekolah 12/PKL/upj_tsm_k9/vendor/livewire/livewire/src/Mechanisms/HandleRequests/RequireLivewireHeaders.php(19): Illuminate/Pipeline/Pipeline->Illuminate/Pipeline/{closure}(Object(Illuminate/Http/Request))
#9 D:/Dokumen Sekolah 12/PKL/upj_tsm_k9/vendor/laravel/framework/src/Illuminate/Pipeline/Pipeline.php(209): Livewire/Mechanisms/HandleRequests/RequireLivewireHeaders->handle(Object(Illuminate/Http/Request), Object(Closure))
#10 D:/Dokumen Sekolah 12/PKL/upj_tsm_k9/app/Http/Middleware/SecurityHeaders.php(13): Illuminate/Pipeline/Pipeline->Illuminate/Pipeline/{closure}(Object(Illuminate/Http/Request))
#11 D:/Dokumen Sekolah 12/PKL/upj_tsm_k9/vendor/laravel/framework/src/Illuminate/Pipeline/Pipeline.php(209): App/Http/Middleware/SecurityHeaders->handle(Object(Illuminate/Http/Request), Object(Closure))
#12 D:/Dokumen Sekolah 12/PKL/upj_tsm_k9/vendor/laravel/framework/src/Illuminate/Routing/Middleware/SubstituteBindings.php(51): Illuminate/Pipeline/Pipeline->Illuminate/Pipeline/{closure}(Object(Illuminate/Http/Request))
#13 D:/Dokumen Sekolah 12/PKL/upj_tsm_k9/vendor/laravel/framework/src/Illuminate/Pipeline/Pipeline.php(209): Illuminate/Routing/Middleware/SubstituteBindings->handle(Object(Illuminate/Http/Request), Object(Closure))
#14 D:/Dokumen Sekolah 12/PKL/upj_tsm_k9/vendor/laravel/framework/src/Illuminate/Foundation/Http/Middleware/VerifyCsrfToken.php(88): Illuminate/Pipeline/Pipeline->Illuminate/Pipeline/{closure}(Object(Illuminate/Http/Request))
#15 D:/Dokumen Sekolah 12/PKL/upj_tsm_k9/vendor/laravel/framework/src/Illuminate/Pipeline/Pipeline.php(209): Illuminate/Foundation/Http/Middleware/VerifyCsrfToken->handle(Object(Illuminate/Http/Request), Object(Closure))
#16 D:/Dokumen Sekolah 12/PKL/upj_tsm_k9/vendor/laravel/framework/src/Illuminate/View/Middleware/ShareErrorsFromSession.php(49): Illuminate/Pipeline/Pipeline->Illuminate/Pipeline/{closure}(Object(Illuminate/Http/Request))
#17 D:/Dokumen Sekolah 12/PKL/upj_tsm_k9/vendor/laravel/framework/src/Illuminate/Pipeline/Pipeline.php(209): Illuminate/View/Middleware/ShareErrorsFromSession->handle(Object(Illuminate/Http/Request), Object(Closure))
#18 D:/Dokumen Sekolah 12/PKL/upj_tsm_k9/vendor/laravel/framework/src/Illuminate/Session/Middleware/StartSession.php(121): Illuminate/Pipeline/Pipeline->Illuminate/Pipeline/{closure}(Object(Illuminate/Http/Request))
#19 D:/Dokumen Sekolah 12/PKL/upj_tsm_k9/vendor/laravel/framework/src/Illuminate/Session/Middleware/StartSession.php(64): Illuminate/Session/Middleware/StartSession->handleStatefulRequest(Object(Illuminate/Http/Request), Object(Illuminate/Session/Store), Object(Closure))
#20 D:/Dokumen Sekolah 12/PKL/upj_tsm_k9/vendor/laravel/framework/src/Illuminate/Pipeline/Pipeline.php(209): Illuminate/Session/Middleware/StartSession->handle(Object(Illuminate/Http/Request), Object(Closure))
#21 D:/Dokumen Sekolah 12/PKL/upj_tsm_k9/vendor/laravel/framework/src/Illuminate/Cookie/Middleware/AddQueuedCookiesToResponse.php(37): Illuminate/Pipeline/Pipeline->Illuminate/Pipeline/{closure}(Object(Illuminate/Http/Request))
#22 D:/Dokumen Sekolah 12/PKL/upj_tsm_k9/vendor/laravel/framework/src/Illuminate/Pipeline/Pipeline.php(209): Illuminate/Cookie/Middleware/AddQueuedCookiesToResponse->handle(Object(Illuminate/Http/Request), Object(Closure))
#23 D:/Dokumen Sekolah 12/PKL/upj_tsm_k9/vendor/laravel/framework/src/Illuminate/Cookie/Middleware/EncryptCookies.php(75): Illuminate/Pipeline/Pipeline->Illuminate/Pipeline/{closure}(Object(Illuminate/Http/Request))
#24 D:/Dokumen Sekolah 12/PKL/upj_tsm_k9/vendor/laravel/framework/src/Illuminate/Pipeline/Pipeline.php(209): Illuminate/Cookie/Middleware/EncryptCookies->handle(Object(Illuminate/Http/Request), Object(Closure))
#25 D:/Dokumen Sekolah 12/PKL/upj_tsm_k9/vendor/laravel/framework/src/Illuminate/Pipeline/Pipeline.php(127): Illuminate/Pipeline/Pipeline->Illuminate/Pipeline/{closure}(Object(Illuminate/Http/Request))
#26 D:/Dokumen Sekolah 12/PKL/upj_tsm_k9/vendor/laravel/framework/src/Illuminate/Routing/Router.php(807): Illuminate/Pipeline/Pipeline->then(Object(Closure))
#27 D:/Dokumen Sekolah 12/PKL/upj_tsm_k9/vendor/laravel/framework/src/Illuminate/Routing/Router.php(786): Illuminate/Routing/Router->runRouteWithinStack(Object(Illuminate/Routing/Route), Object(Illuminate/Http/Request))
#28 D:/Dokumen Sekolah 12/PKL/upj_tsm_k9/vendor/laravel/framework/src/Illuminate/Routing/Router.php(750): Illuminate/Routing/Router->runRoute(Object(Illuminate/Http/Request), Object(Illuminate/Routing/Route))
#29 D:/Dokumen Sekolah 12/PKL/upj_tsm_k9/vendor/laravel/framework/src/Illuminate/Routing/Router.php(739): Illuminate/Routing/Router->dispatchToRoute(Object(Illuminate/Http/Request))
#30 D:/Dokumen Sekolah 12/PKL/upj_tsm_k9/vendor/laravel/framework/src/Illuminate/Foundation/Http/Kernel.php(201): Illuminate/Routing/Router->dispatch(Object(Illuminate/Http/Request))
#31 D:/Dokumen Sekolah 12/PKL/upj_tsm_k9/vendor/laravel/framework/src/Illuminate/Pipeline/Pipeline.php(170): Illuminate/Foundation/Http/Kernel->Illuminate/Foundation/Http/{closure}(Object(Illuminate/Http/Request))
#32 D:/Dokumen Sekolah 12/PKL/upj_tsm_k9/vendor/livewire/livewire/src/Features/SupportDisablingBackButtonCache/DisableBackButtonCacheMiddleware.php(19): Illuminate/Pipeline/Pipeline->Illuminate/Pipeline/{closure}(Object(Illuminate/Http/Request))
#33 D:/Dokumen Sekolah 12/PKL/upj_tsm_k9/vendor/laravel/framework/src/Illuminate/Pipeline/Pipeline.php(209): Livewire/Features/SupportDisablingBackButtonCache/DisableBackButtonCacheMiddleware->handle(Object(Illuminate/Http/Request), Object(Closure))
#34 D:/Dokumen Sekolah 12/PKL/upj_tsm_k9/vendor/laravel/framework/src/Illuminate/Foundation/Http/Middleware/ConvertEmptyStringsToNull.php(27): Illuminate/Pipeline/Pipeline->Illuminate/Pipeline/{closure}(Object(Illuminate/Http/Request))
#35 D:/Dokumen Sekolah 12/PKL/upj_tsm_k9/vendor/laravel/framework/src/Illuminate/Pipeline/Pipeline.php(209): Illuminate/Foundation/Http/Middleware/ConvertEmptyStringsToNull->handle(Object(Illuminate/Http/Request), Object(Closure))
#36 D:/Dokumen Sekolah 12/PKL/upj_tsm_k9/vendor/laravel/framework/src/Illuminate/Foundation/Http/Middleware/TrimStrings.php(47): Illuminate/Pipeline/Pipeline->Illuminate/Pipeline/{closure}(Object(Illuminate/Http/Request))
#37 D:/Dokumen Sekolah 12/PKL/upj_tsm_k9/vendor/laravel/framework/src/Illuminate/Pipeline/Pipeline.php(209): Illuminate/Foundation/Http/Middleware/TrimStrings->handle(Object(Illuminate/Http/Request), Object(Closure))
#38 D:/Dokumen Sekolah 12/PKL/upj_tsm_k9/vendor/laravel/framework/src/Illuminate/Http/Middleware/ValidatePostSize.php(27): Illuminate/Pipeline/Pipeline->Illuminate/Pipeline/{closure}(Object(Illuminate/Http/Request))
#39 D:/Dokumen Sekolah 12/PKL/upj_tsm_k9/vendor/laravel/framework/src/Illuminate/Pipeline/Pipeline.php(209): Illuminate/Http/Middleware/ValidatePostSize->handle(Object(Illuminate/Http/Request), Object(Closure))
#40 D:/Dokumen Sekolah 12/PKL/upj_tsm_k9/vendor/laravel/framework/src/Illuminate/Foundation/Http/Middleware/PreventRequestsDuringMaintenance.php(110): Illuminate/Pipeline/Pipeline->Illuminate/Pipeline/{closure}(Object(Illuminate/Http/Request))
#41 D:/Dokumen Sekolah 12/PKL/upj_tsm_k9/vendor/laravel/framework/src/Illuminate/Pipeline/Pipeline.php(209): Illuminate/Foundation/Http/Middleware/PreventRequestsDuringMaintenance->handle(Object(Illuminate/Http/Request), Object(Closure))
#42 D:/Dokumen Sekolah 12/PKL/upj_tsm_k9/vendor/laravel/framework/src/Illuminate/Http/Middleware/HandleCors.php(49): Illuminate/Pipeline/Pipeline->Illuminate/Pipeline/{closure}(Object(Illuminate/Http/Request))
#43 D:/Dokumen Sekolah 12/PKL/upj_tsm_k9/vendor/laravel/framework/src/Illuminate/Pipeline/Pipeline.php(209): Illuminate/Http/Middleware/HandleCors->handle(Object(Illuminate/Http/Request), Object(Closure))
#44 D:/Dokumen Sekolah 12/PKL/upj_tsm_k9/vendor/laravel/framework/src/Illuminate/Http/Middleware/TrustProxies.php(58): Illuminate/Pipeline/Pipeline->Illuminate/Pipeline/{closure}(Object(Illuminate/Http/Request))
#45 D:/Dokumen Sekolah 12/PKL/upj_tsm_k9/vendor/laravel/framework/src/Illuminate/Pipeline/Pipeline.php(209): Illuminate/Http/Middleware/TrustProxies->handle(Object(Illuminate/Http/Request), Object(Closure))
#46 D:/Dokumen Sekolah 12/PKL/upj_tsm_k9/vendor/laravel/framework/src/Illuminate/Foundation/Http/Middleware/InvokeDeferredCallbacks.php(22): Illuminate/Pipeline/Pipeline->Illuminate/Pipeline/{closure}(Object(Illuminate/Http/Request))
#47 D:/Dokumen Sekolah 12/PKL/upj_tsm_k9/vendor/laravel/framework/src/Illuminate/Pipeline/Pipeline.php(209): Illuminate/Foundation/Http/Middleware/InvokeDeferredCallbacks->handle(Object(Illuminate/Http/Request), Object(Closure))
#48 D:/Dokumen Sekolah 12/PKL/upj_tsm_k9/vendor/laravel/framework/src/Illuminate/Pipeline/Pipeline.php(127): Illuminate/Pipeline/Pipeline->Illuminate/Pipeline/{closure}(Object(Illuminate/Http/Request))
#49 D:/Dokumen Sekolah 12/PKL/upj_tsm_k9/vendor/laravel/framework/src/Illuminate/Foundation/Http/Kernel.php(176): Illuminate/Pipeline/Pipeline->then(Object(Closure))
#50 D:/Dokumen Sekolah 12/PKL/upj_tsm_k9/vendor/laravel/framework/src/Illuminate/Foundation/Http/Kernel.php(145): Illuminate/Foundation/Http/Kernel->sendRequestThroughRouter(Object(Illuminate/Http/Request))
#51 D:/Dokumen Sekolah 12/PKL/upj_tsm_k9/vendor/laravel/framework/src/Illuminate/Foundation/Application.php(1220): Illuminate/Foundation/Http/Kernel->handle(Object(Illuminate/Http/Request))
#52 D:/Dokumen Sekolah 12/PKL/upj_tsm_k9/public/index.php(17): Illuminate/Foundation/Application->handleRequest(Object(Illuminate/Http/Request))
#53 D:/Dokumen Sekolah 12/PKL/upj_tsm_k9/vendor/laravel/framework/src/Illuminate/Foundation/resources/server.php(23): require_once('D://Dokumen Seko...')
#54 {main}
"} 
[2026-04-27 18:01:07] local.ERROR: Unable to call component method. Public method [clearValidation] not found on component {"userId":6,"exception":"[object] (Livewire\\Exceptions\\MethodNotFoundException(code: 0): Unable to call component method. Public method [clearValidation] not found on component at D:/Dokumen Sekolah 12/PKL/upj_tsm_k9/vendor/livewire/livewire/src/Mechanisms/HandleComponents/HandleComponents.php:656)
[stacktrace]
#0 D:/Dokumen Sekolah 12/PKL/upj_tsm_k9/vendor/livewire/livewire/src/Mechanisms/HandleComponents/HandleComponents.php(239): Livewire/Mechanisms/HandleComponents/HandleComponents->callMethods(Object(App/Livewire/InventoryTable), Array, Object(Livewire/Mechanisms/HandleComponents/ComponentContext))
#1 D:/Dokumen Sekolah 12/PKL/upj_tsm_k9/vendor/livewire/livewire/src/LivewireManager.php(131): Livewire/Mechanisms/HandleComponents/HandleComponents->update(Array, Array, Array)
#2 D:/Dokumen Sekolah 12/PKL/upj_tsm_k9/vendor/livewire/livewire/src/Mechanisms/HandleRequests/HandleRequests.php(190): Livewire/LivewireManager->update(Array, Array, Array)
#3 D:/Dokumen Sekolah 12/PKL/upj_tsm_k9/vendor/laravel/framework/src/Illuminate/Routing/ControllerDispatcher.php(47): Livewire/Mechanisms/HandleRequests/HandleRequests->handleUpdate()
#4 D:/Dokumen Sekolah 12/PKL/upj_tsm_k9/vendor/laravel/framework/src/Illuminate/Routing/Route.php(266): Illuminate/Routing/ControllerDispatcher->dispatch(Object(Illuminate/Routing/Route), Object(Livewire/Mechanisms/HandleRequests/HandleRequests), 'handleUpdate')
#5 D:/Dokumen Sekolah 12/PKL/upj_tsm_k9/vendor/laravel/framework/src/Illuminate/Routing/Route.php(212): Illuminate/Routing/Route->runController()
#6 D:/Dokumen Sekolah 12/PKL/upj_tsm_k9/vendor/laravel/framework/src/Illuminate/Routing/Router.php(808): Illuminate/Routing/Route->run()
#7 D:/Dokumen Sekolah 12/PKL/upj_tsm_k9/vendor/laravel/framework/src/Illuminate/Pipeline/Pipeline.php(170): Illuminate/Routing/Router->Illuminate/Routing/{closure}(Object(Illuminate/Http/Request))
#8 D:/Dokumen Sekolah 12/PKL/upj_tsm_k9/vendor/livewire/livewire/src/Mechanisms/HandleRequests/RequireLivewireHeaders.php(19): Illuminate/Pipeline/Pipeline->Illuminate/Pipeline/{closure}(Object(Illuminate/Http/Request))
#9 D:/Dokumen Sekolah 12/PKL/upj_tsm_k9/vendor/laravel/framework/src/Illuminate/Pipeline/Pipeline.php(209): Livewire/Mechanisms/HandleRequests/RequireLivewireHeaders->handle(Object(Illuminate/Http/Request), Object(Closure))
#10 D:/Dokumen Sekolah 12/PKL/upj_tsm_k9/app/Http/Middleware/SecurityHeaders.php(13): Illuminate/Pipeline/Pipeline->Illuminate/Pipeline/{closure}(Object(Illuminate/Http/Request))
#11 D:/Dokumen Sekolah 12/PKL/upj_tsm_k9/vendor/laravel/framework/src/Illuminate/Pipeline/Pipeline.php(209): App/Http/Middleware/SecurityHeaders->handle(Object(Illuminate/Http/Request), Object(Closure))
#12 D:/Dokumen Sekolah 12/PKL/upj_tsm_k9/vendor/laravel/framework/src/Illuminate/Routing/Middleware/SubstituteBindings.php(51): Illuminate/Pipeline/Pipeline->Illuminate/Pipeline/{closure}(Object(Illuminate/Http/Request))
#13 D:/Dokumen Sekolah 12/PKL/upj_tsm_k9/vendor/laravel/framework/src/Illuminate/Pipeline/Pipeline.php(209): Illuminate/Routing/Middleware/SubstituteBindings->handle(Object(Illuminate/Http/Request), Object(Closure))
#14 D:/Dokumen Sekolah 12/PKL/upj_tsm_k9/vendor/laravel/framework/src/Illuminate/Foundation/Http/Middleware/VerifyCsrfToken.php(88): Illuminate/Pipeline/Pipeline->Illuminate/Pipeline/{closure}(Object(Illuminate/Http/Request))
#15 D:/Dokumen Sekolah 12/PKL/upj_tsm_k9/vendor/laravel/framework/src/Illuminate/Pipeline/Pipeline.php(209): Illuminate/Foundation/Http/Middleware/VerifyCsrfToken->handle(Object(Illuminate/Http/Request), Object(Closure))
#16 D:/Dokumen Sekolah 12/PKL/upj_tsm_k9/vendor/laravel/framework/src/Illuminate/View/Middleware/ShareErrorsFromSession.php(49): Illuminate/Pipeline/Pipeline->Illuminate/Pipeline/{closure}(Object(Illuminate/Http/Request))
#17 D:/Dokumen Sekolah 12/PKL/upj_tsm_k9/vendor/laravel/framework/src/Illuminate/Pipeline/Pipeline.php(209): Illuminate/View/Middleware/ShareErrorsFromSession->handle(Object(Illuminate/Http/Request), Object(Closure))
#18 D:/Dokumen Sekolah 12/PKL/upj_tsm_k9/vendor/laravel/framework/src/Illuminate/Session/Middleware/StartSession.php(121): Illuminate/Pipeline/Pipeline->Illuminate/Pipeline/{closure}(Object(Illuminate/Http/Request))
#19 D:/Dokumen Sekolah 12/PKL/upj_tsm_k9/vendor/laravel/framework/src/Illuminate/Session/Middleware/StartSession.php(64): Illuminate/Session/Middleware/StartSession->handleStatefulRequest(Object(Illuminate/Http/Request), Object(Illuminate/Session/Store), Object(Closure))
#20 D:/Dokumen Sekolah 12/PKL/upj_tsm_k9/vendor/laravel/framework/src/Illuminate/Pipeline/Pipeline.php(209): Illuminate/Session/Middleware/StartSession->handle(Object(Illuminate/Http/Request), Object(Closure))
#21 D:/Dokumen Sekolah 12/PKL/upj_tsm_k9/vendor/laravel/framework/src/Illuminate/Cookie/Middleware/AddQueuedCookiesToResponse.php(37): Illuminate/Pipeline/Pipeline->Illuminate/Pipeline/{closure}(Object(Illuminate/Http/Request))
#22 D:/Dokumen Sekolah 12/PKL/upj_tsm_k9/vendor/laravel/framework/src/Illuminate/Pipeline/Pipeline.php(209): Illuminate/Cookie/Middleware/AddQueuedCookiesToResponse->handle(Object(Illuminate/Http/Request), Object(Closure))
#23 D:/Dokumen Sekolah 12/PKL/upj_tsm_k9/vendor/laravel/framework/src/Illuminate/Cookie/Middleware/EncryptCookies.php(75): Illuminate/Pipeline/Pipeline->Illuminate/Pipeline/{closure}(Object(Illuminate/Http/Request))
#24 D:/Dokumen Sekolah 12/PKL/upj_tsm_k9/vendor/laravel/framework/src/Illuminate/Pipeline/Pipeline.php(209): Illuminate/Cookie/Middleware/EncryptCookies->handle(Object(Illuminate/Http/Request), Object(Closure))
#25 D:/Dokumen Sekolah 12/PKL/upj_tsm_k9/vendor/laravel/framework/src/Illuminate/Pipeline/Pipeline.php(127): Illuminate/Pipeline/Pipeline->Illuminate/Pipeline/{closure}(Object(Illuminate/Http/Request))
#26 D:/Dokumen Sekolah 12/PKL/upj_tsm_k9/vendor/laravel/framework/src/Illuminate/Routing/Router.php(807): Illuminate/Pipeline/Pipeline->then(Object(Closure))
#27 D:/Dokumen Sekolah 12/PKL/upj_tsm_k9/vendor/laravel/framework/src/Illuminate/Routing/Router.php(786): Illuminate/Routing/Router->runRouteWithinStack(Object(Illuminate/Routing/Route), Object(Illuminate/Http/Request))
#28 D:/Dokumen Sekolah 12/PKL/upj_tsm_k9/vendor/laravel/framework/src/Illuminate/Routing/Router.php(750): Illuminate/Routing/Router->runRoute(Object(Illuminate/Http/Request), Object(Illuminate/Routing/Route))
#29 D:/Dokumen Sekolah 12/PKL/upj_tsm_k9/vendor/laravel/framework/src/Illuminate/Routing/Router.php(739): Illuminate/Routing/Router->dispatchToRoute(Object(Illuminate/Http/Request))
#30 D:/Dokumen Sekolah 12/PKL/upj_tsm_k9/vendor/laravel/framework/src/Illuminate/Foundation/Http/Kernel.php(201): Illuminate/Routing/Router->dispatch(Object(Illuminate/Http/Request))
#31 D:/Dokumen Sekolah 12/PKL/upj_tsm_k9/vendor/laravel/framework/src/Illuminate/Pipeline/Pipeline.php(170): Illuminate/Foundation/Http/Kernel->Illuminate/Foundation/Http/{closure}(Object(Illuminate/Http/Request))
#32 D:/Dokumen Sekolah 12/PKL/upj_tsm_k9/vendor/livewire/livewire/src/Features/SupportDisablingBackButtonCache/DisableBackButtonCacheMiddleware.php(19): Illuminate/Pipeline/Pipeline->Illuminate/Pipeline/{closure}(Object(Illuminate/Http/Request))
#33 D:/Dokumen Sekolah 12/PKL/upj_tsm_k9/vendor/laravel/framework/src/Illuminate/Pipeline/Pipeline.php(209): Livewire/Features/SupportDisablingBackButtonCache/DisableBackButtonCacheMiddleware->handle(Object(Illuminate/Http/Request), Object(Closure))
#34 D:/Dokumen Sekolah 12/PKL/upj_tsm_k9/vendor/laravel/framework/src/Illuminate/Foundation/Http/Middleware/ConvertEmptyStringsToNull.php(27): Illuminate/Pipeline/Pipeline->Illuminate/Pipeline/{closure}(Object(Illuminate/Http/Request))
#35 D:/Dokumen Sekolah 12/PKL/upj_tsm_k9/vendor/laravel/framework/src/Illuminate/Pipeline/Pipeline.php(209): Illuminate/Foundation/Http/Middleware/ConvertEmptyStringsToNull->handle(Object(Illuminate/Http/Request), Object(Closure))
#36 D:/Dokumen Sekolah 12/PKL/upj_tsm_k9/vendor/laravel/framework/src/Illuminate/Foundation/Http/Middleware/TrimStrings.php(47): Illuminate/Pipeline/Pipeline->Illuminate/Pipeline/{closure}(Object(Illuminate/Http/Request))
#37 D:/Dokumen Sekolah 12/PKL/upj_tsm_k9/vendor/laravel/framework/src/Illuminate/Pipeline/Pipeline.php(209): Illuminate/Foundation/Http/Middleware/TrimStrings->handle(Object(Illuminate/Http/Request), Object(Closure))
#38 D:/Dokumen Sekolah 12/PKL/upj_tsm_k9/vendor/laravel/framework/src/Illuminate/Http/Middleware/ValidatePostSize.php(27): Illuminate/Pipeline/Pipeline->Illuminate/Pipeline/{closure}(Object(Illuminate/Http/Request))
#39 D:/Dokumen Sekolah 12/PKL/upj_tsm_k9/vendor/laravel/framework/src/Illuminate/Pipeline/Pipeline.php(209): Illuminate/Http/Middleware/ValidatePostSize->handle(Object(Illuminate/Http/Request), Object(Closure))
#40 D:/Dokumen Sekolah 12/PKL/upj_tsm_k9/vendor/laravel/framework/src/Illuminate/Foundation/Http/Middleware/PreventRequestsDuringMaintenance.php(110): Illuminate/Pipeline/Pipeline->Illuminate/Pipeline/{closure}(Object(Illuminate/Http/Request))
#41 D:/Dokumen Sekolah 12/PKL/upj_tsm_k9/vendor/laravel/framework/src/Illuminate/Pipeline/Pipeline.php(209): Illuminate/Foundation/Http/Middleware/PreventRequestsDuringMaintenance->handle(Object(Illuminate/Http/Request), Object(Closure))
#42 D:/Dokumen Sekolah 12/PKL/upj_tsm_k9/vendor/laravel/framework/src/Illuminate/Http/Middleware/HandleCors.php(49): Illuminate/Pipeline/Pipeline->Illuminate/Pipeline/{closure}(Object(Illuminate/Http/Request))
#43 D:/Dokumen Sekolah 12/PKL/upj_tsm_k9/vendor/laravel/framework/src/Illuminate/Pipeline/Pipeline.php(209): Illuminate/Http/Middleware/HandleCors->handle(Object(Illuminate/Http/Request), Object(Closure))
#44 D:/Dokumen Sekolah 12/PKL/upj_tsm_k9/vendor/laravel/framework/src/Illuminate/Http/Middleware/TrustProxies.php(58): Illuminate/Pipeline/Pipeline->Illuminate/Pipeline/{closure}(Object(Illuminate/Http/Request))
#45 D:/Dokumen Sekolah 12/PKL/upj_tsm_k9/vendor/laravel/framework/src/Illuminate/Pipeline/Pipeline.php(209): Illuminate/Http/Middleware/TrustProxies->handle(Object(Illuminate/Http/Request), Object(Closure))
#46 D:/Dokumen Sekolah 12/PKL/upj_tsm_k9/vendor/laravel/framework/src/Illuminate/Foundation/Http/Middleware/InvokeDeferredCallbacks.php(22): Illuminate/Pipeline/Pipeline->Illuminate/Pipeline/{closure}(Object(Illuminate/Http/Request))
#47 D:/Dokumen Sekolah 12/PKL/upj_tsm_k9/vendor/laravel/framework/src/Illuminate/Pipeline/Pipeline.php(209): Illuminate/Foundation/Http/Middleware/InvokeDeferredCallbacks->handle(Object(Illuminate/Http/Request), Object(Closure))
#48 D:/Dokumen Sekolah 12/PKL/upj_tsm_k9/vendor/laravel/framework/src/Illuminate/Pipeline/Pipeline.php(127): Illuminate/Pipeline/Pipeline->Illuminate/Pipeline/{closure}(Object(Illuminate/Http/Request))
#49 D:/Dokumen Sekolah 12/PKL/upj_tsm_k9/vendor/laravel/framework/src/Illuminate/Foundation/Http/Kernel.php(176): Illuminate/Pipeline/Pipeline->then(Object(Closure))
#50 D:/Dokumen Sekolah 12/PKL/upj_tsm_k9/vendor/laravel/framework/src/Illuminate/Foundation/Http/Kernel.php(145): Illuminate/Foundation/Http/Kernel->sendRequestThroughRouter(Object(Illuminate/Http/Request))
#51 D:/Dokumen Sekolah 12/PKL/upj_tsm_k9/vendor/laravel/framework/src/Illuminate/Foundation/Application.php(1220): Illuminate/Foundation/Http/Kernel->handle(Object(Illuminate/Http/Request))
#52 D:/Dokumen Sekolah 12/PKL/upj_tsm_k9/public/index.php(17): Illuminate/Foundation/Application->handleRequest(Object(Illuminate/Http/Request))
#53 D:/Dokumen Sekolah 12/PKL/upj_tsm_k9/vendor/laravel/framework/src/Illuminate/Foundation/resources/server.php(23): require_once('D://Dokumen Seko...')
#54 {main}
"} 
[2026-04-27 18:01:12] local.ERROR: Unable to call component method. Public method [clearValidation] not found on component {"userId":6,"exception":"[object] (Livewire\\Exceptions\\MethodNotFoundException(code: 0): Unable to call component method. Public method [clearValidation] not found on component at D:/Dokumen Sekolah 12/PKL/upj_tsm_k9/vendor/livewire/livewire/src/Mechanisms/HandleComponents/HandleComponents.php:656)
[stacktrace]
#0 D:/Dokumen Sekolah 12/PKL/upj_tsm_k9/vendor/livewire/livewire/src/Mechanisms/HandleComponents/HandleComponents.php(239): Livewire/Mechanisms/HandleComponents/HandleComponents->callMethods(Object(App/Livewire/InventoryTable), Array, Object(Livewire/Mechanisms/HandleComponents/ComponentContext))
#1 D:/Dokumen Sekolah 12/PKL/upj_tsm_k9/vendor/livewire/livewire/src/LivewireManager.php(131): Livewire/Mechanisms/HandleComponents/HandleComponents->update(Array, Array, Array)
#2 D:/Dokumen Sekolah 12/PKL/upj_tsm_k9/vendor/livewire/livewire/src/Mechanisms/HandleRequests/HandleRequests.php(190): Livewire/LivewireManager->update(Array, Array, Array)
#3 D:/Dokumen Sekolah 12/PKL/upj_tsm_k9/vendor/laravel/framework/src/Illuminate/Routing/ControllerDispatcher.php(47): Livewire/Mechanisms/HandleRequests/HandleRequests->handleUpdate()
#4 D:/Dokumen Sekolah 12/PKL/upj_tsm_k9/vendor/laravel/framework/src/Illuminate/Routing/Route.php(266): Illuminate/Routing/ControllerDispatcher->dispatch(Object(Illuminate/Routing/Route), Object(Livewire/Mechanisms/HandleRequests/HandleRequests), 'handleUpdate')
#5 D:/Dokumen Sekolah 12/PKL/upj_tsm_k9/vendor/laravel/framework/src/Illuminate/Routing/Route.php(212): Illuminate/Routing/Route->runController()
#6 D:/Dokumen Sekolah 12/PKL/upj_tsm_k9/vendor/laravel/framework/src/Illuminate/Routing/Router.php(808): Illuminate/Routing/Route->run()
#7 D:/Dokumen Sekolah 12/PKL/upj_tsm_k9/vendor/laravel/framework/src/Illuminate/Pipeline/Pipeline.php(170): Illuminate/Routing/Router->Illuminate/Routing/{closure}(Object(Illuminate/Http/Request))
#8 D:/Dokumen Sekolah 12/PKL/upj_tsm_k9/vendor/livewire/livewire/src/Mechanisms/HandleRequests/RequireLivewireHeaders.php(19): Illuminate/Pipeline/Pipeline->Illuminate/Pipeline/{closure}(Object(Illuminate/Http/Request))
#9 D:/Dokumen Sekolah 12/PKL/upj_tsm_k9/vendor/laravel/framework/src/Illuminate/Pipeline/Pipeline.php(209): Livewire/Mechanisms/HandleRequests/RequireLivewireHeaders->handle(Object(Illuminate/Http/Request), Object(Closure))
#10 D:/Dokumen Sekolah 12/PKL/upj_tsm_k9/app/Http/Middleware/SecurityHeaders.php(13): Illuminate/Pipeline/Pipeline->Illuminate/Pipeline/{closure}(Object(Illuminate/Http/Request))
#11 D:/Dokumen Sekolah 12/PKL/upj_tsm_k9/vendor/laravel/framework/src/Illuminate/Pipeline/Pipeline.php(209): App/Http/Middleware/SecurityHeaders->handle(Object(Illuminate/Http/Request), Object(Closure))
#12 D:/Dokumen Sekolah 12/PKL/upj_tsm_k9/vendor/laravel/framework/src/Illuminate/Routing/Middleware/SubstituteBindings.php(51): Illuminate/Pipeline/Pipeline->Illuminate/Pipeline/{closure}(Object(Illuminate/Http/Request))
#13 D:/Dokumen Sekolah 12/PKL/upj_tsm_k9/vendor/laravel/framework/src/Illuminate/Pipeline/Pipeline.php(209): Illuminate/Routing/Middleware/SubstituteBindings->handle(Object(Illuminate/Http/Request), Object(Closure))
#14 D:/Dokumen Sekolah 12/PKL/upj_tsm_k9/vendor/laravel/framework/src/Illuminate/Foundation/Http/Middleware/VerifyCsrfToken.php(88): Illuminate/Pipeline/Pipeline->Illuminate/Pipeline/{closure}(Object(Illuminate/Http/Request))
#15 D:/Dokumen Sekolah 12/PKL/upj_tsm_k9/vendor/laravel/framework/src/Illuminate/Pipeline/Pipeline.php(209): Illuminate/Foundation/Http/Middleware/VerifyCsrfToken->handle(Object(Illuminate/Http/Request), Object(Closure))
#16 D:/Dokumen Sekolah 12/PKL/upj_tsm_k9/vendor/laravel/framework/src/Illuminate/View/Middleware/ShareErrorsFromSession.php(49): Illuminate/Pipeline/Pipeline->Illuminate/Pipeline/{closure}(Object(Illuminate/Http/Request))
#17 D:/Dokumen Sekolah 12/PKL/upj_tsm_k9/vendor/laravel/framework/src/Illuminate/Pipeline/Pipeline.php(209): Illuminate/View/Middleware/ShareErrorsFromSession->handle(Object(Illuminate/Http/Request), Object(Closure))
#18 D:/Dokumen Sekolah 12/PKL/upj_tsm_k9/vendor/laravel/framework/src/Illuminate/Session/Middleware/StartSession.php(121): Illuminate/Pipeline/Pipeline->Illuminate/Pipeline/{closure}(Object(Illuminate/Http/Request))
#19 D:/Dokumen Sekolah 12/PKL/upj_tsm_k9/vendor/laravel/framework/src/Illuminate/Session/Middleware/StartSession.php(64): Illuminate/Session/Middleware/StartSession->handleStatefulRequest(Object(Illuminate/Http/Request), Object(Illuminate/Session/Store), Object(Closure))
#20 D:/Dokumen Sekolah 12/PKL/upj_tsm_k9/vendor/laravel/framework/src/Illuminate/Pipeline/Pipeline.php(209): Illuminate/Session/Middleware/StartSession->handle(Object(Illuminate/Http/Request), Object(Closure))
#21 D:/Dokumen Sekolah 12/PKL/upj_tsm_k9/vendor/laravel/framework/src/Illuminate/Cookie/Middleware/AddQueuedCookiesToResponse.php(37): Illuminate/Pipeline/Pipeline->Illuminate/Pipeline/{closure}(Object(Illuminate/Http/Request))
#22 D:/Dokumen Sekolah 12/PKL/upj_tsm_k9/vendor/laravel/framework/src/Illuminate/Pipeline/Pipeline.php(209): Illuminate/Cookie/Middleware/AddQueuedCookiesToResponse->handle(Object(Illuminate/Http/Request), Object(Closure))
#23 D:/Dokumen Sekolah 12/PKL/upj_tsm_k9/vendor/laravel/framework/src/Illuminate/Cookie/Middleware/EncryptCookies.php(75): Illuminate/Pipeline/Pipeline->Illuminate/Pipeline/{closure}(Object(Illuminate/Http/Request))
#24 D:/Dokumen Sekolah 12/PKL/upj_tsm_k9/vendor/laravel/framework/src/Illuminate/Pipeline/Pipeline.php(209): Illuminate/Cookie/Middleware/EncryptCookies->handle(Object(Illuminate/Http/Request), Object(Closure))
#25 D:/Dokumen Sekolah 12/PKL/upj_tsm_k9/vendor/laravel/framework/src/Illuminate/Pipeline/Pipeline.php(127): Illuminate/Pipeline/Pipeline->Illuminate/Pipeline/{closure}(Object(Illuminate/Http/Request))
#26 D:/Dokumen Sekolah 12/PKL/upj_tsm_k9/vendor/laravel/framework/src/Illuminate/Routing/Router.php(807): Illuminate/Pipeline/Pipeline->then(Object(Closure))
#27 D:/Dokumen Sekolah 12/PKL/upj_tsm_k9/vendor/laravel/framework/src/Illuminate/Routing/Router.php(786): Illuminate/Routing/Router->runRouteWithinStack(Object(Illuminate/Routing/Route), Object(Illuminate/Http/Request))
#28 D:/Dokumen Sekolah 12/PKL/upj_tsm_k9/vendor/laravel/framework/src/Illuminate/Routing/Router.php(750): Illuminate/Routing/Router->runRoute(Object(Illuminate/Http/Request), Object(Illuminate/Routing/Route))
#29 D:/Dokumen Sekolah 12/PKL/upj_tsm_k9/vendor/laravel/framework/src/Illuminate/Routing/Router.php(739): Illuminate/Routing/Router->dispatchToRoute(Object(Illuminate/Http/Request))
#30 D:/Dokumen Sekolah 12/PKL/upj_tsm_k9/vendor/laravel/framework/src/Illuminate/Foundation/Http/Kernel.php(201): Illuminate/Routing/Router->dispatch(Object(Illuminate/Http/Request))
#31 D:/Dokumen Sekolah 12/PKL/upj_tsm_k9/vendor/laravel/framework/src/Illuminate/Pipeline/Pipeline.php(170): Illuminate/Foundation/Http/Kernel->Illuminate/Foundation/Http/{closure}(Object(Illuminate/Http/Request))
#32 D:/Dokumen Sekolah 12/PKL/upj_tsm_k9/vendor/livewire/livewire/src/Features/SupportDisablingBackButtonCache/DisableBackButtonCacheMiddleware.php(19): Illuminate/Pipeline/Pipeline->Illuminate/Pipeline/{closure}(Object(Illuminate/Http/Request))
#33 D:/Dokumen Sekolah 12/PKL/upj_tsm_k9/vendor/laravel/framework/src/Illuminate/Pipeline/Pipeline.php(209): Livewire/Features/SupportDisablingBackButtonCache/DisableBackButtonCacheMiddleware->handle(Object(Illuminate/Http/Request), Object(Closure))
#34 D:/Dokumen Sekolah 12/PKL/upj_tsm_k9/vendor/laravel/framework/src/Illuminate/Foundation/Http/Middleware/ConvertEmptyStringsToNull.php(27): Illuminate/Pipeline/Pipeline->Illuminate/Pipeline/{closure}(Object(Illuminate/Http/Request))
#35 D:/Dokumen Sekolah 12/PKL/upj_tsm_k9/vendor/laravel/framework/src/Illuminate/Pipeline/Pipeline.php(209): Illuminate/Foundation/Http/Middleware/ConvertEmptyStringsToNull->handle(Object(Illuminate/Http/Request), Object(Closure))
#36 D:/Dokumen Sekolah 12/PKL/upj_tsm_k9/vendor/laravel/framework/src/Illuminate/Foundation/Http/Middleware/TrimStrings.php(47): Illuminate/Pipeline/Pipeline->Illuminate/Pipeline/{closure}(Object(Illuminate/Http/Request))
#37 D:/Dokumen Sekolah 12/PKL/upj_tsm_k9/vendor/laravel/framework/src/Illuminate/Pipeline/Pipeline.php(209): Illuminate/Foundation/Http/Middleware/TrimStrings->handle(Object(Illuminate/Http/Request), Object(Closure))
#38 D:/Dokumen Sekolah 12/PKL/upj_tsm_k9/vendor/laravel/framework/src/Illuminate/Http/Middleware/ValidatePostSize.php(27): Illuminate/Pipeline/Pipeline->Illuminate/Pipeline/{closure}(Object(Illuminate/Http/Request))
#39 D:/Dokumen Sekolah 12/PKL/upj_tsm_k9/vendor/laravel/framework/src/Illuminate/Pipeline/Pipeline.php(209): Illuminate/Http/Middleware/ValidatePostSize->handle(Object(Illuminate/Http/Request), Object(Closure))
#40 D:/Dokumen Sekolah 12/PKL/upj_tsm_k9/vendor/laravel/framework/src/Illuminate/Foundation/Http/Middleware/PreventRequestsDuringMaintenance.php(110): Illuminate/Pipeline/Pipeline->Illuminate/Pipeline/{closure}(Object(Illuminate/Http/Request))
#41 D:/Dokumen Sekolah 12/PKL/upj_tsm_k9/vendor/laravel/framework/src/Illuminate/Pipeline/Pipeline.php(209): Illuminate/Foundation/Http/Middleware/PreventRequestsDuringMaintenance->handle(Object(Illuminate/Http/Request), Object(Closure))
#42 D:/Dokumen Sekolah 12/PKL/upj_tsm_k9/vendor/laravel/framework/src/Illuminate/Http/Middleware/HandleCors.php(49): Illuminate/Pipeline/Pipeline->Illuminate/Pipeline/{closure}(Object(Illuminate/Http/Request))
#43 D:/Dokumen Sekolah 12/PKL/upj_tsm_k9/vendor/laravel/framework/src/Illuminate/Pipeline/Pipeline.php(209): Illuminate/Http/Middleware/HandleCors->handle(Object(Illuminate/Http/Request), Object(Closure))
#44 D:/Dokumen Sekolah 12/PKL/upj_tsm_k9/vendor/laravel/framework/src/Illuminate/Http/Middleware/TrustProxies.php(58): Illuminate/Pipeline/Pipeline->Illuminate/Pipeline/{closure}(Object(Illuminate/Http/Request))
#45 D:/Dokumen Sekolah 12/PKL/upj_tsm_k9/vendor/laravel/framework/src/Illuminate/Pipeline/Pipeline.php(209): Illuminate/Http/Middleware/TrustProxies->handle(Object(Illuminate/Http/Request), Object(Closure))
#46 D:/Dokumen Sekolah 12/PKL/upj_tsm_k9/vendor/laravel/framework/src/Illuminate/Foundation/Http/Middleware/InvokeDeferredCallbacks.php(22): Illuminate/Pipeline/Pipeline->Illuminate/Pipeline/{closure}(Object(Illuminate/Http/Request))
#47 D:/Dokumen Sekolah 12/PKL/upj_tsm_k9/vendor/laravel/framework/src/Illuminate/Pipeline/Pipeline.php(209): Illuminate/Foundation/Http/Middleware/InvokeDeferredCallbacks->handle(Object(Illuminate/Http/Request), Object(Closure))
#48 D:/Dokumen Sekolah 12/PKL/upj_tsm_k9/vendor/laravel/framework/src/Illuminate/Pipeline/Pipeline.php(127): Illuminate/Pipeline/Pipeline->Illuminate/Pipeline/{closure}(Object(Illuminate/Http/Request))
#49 D:/Dokumen Sekolah 12/PKL/upj_tsm_k9/vendor/laravel/framework/src/Illuminate/Foundation/Http/Kernel.php(176): Illuminate/Pipeline/Pipeline->then(Object(Closure))
#50 D:/Dokumen Sekolah 12/PKL/upj_tsm_k9/vendor/laravel/framework/src/Illuminate/Foundation/Http/Kernel.php(145): Illuminate/Foundation/Http/Kernel->sendRequestThroughRouter(Object(Illuminate/Http/Request))
#51 D:/Dokumen Sekolah 12/PKL/upj_tsm_k9/vendor/laravel/framework/src/Illuminate/Foundation/Application.php(1220): Illuminate/Foundation/Http/Kernel->handle(Object(Illuminate/Http/Request))
#52 D:/Dokumen Sekolah 12/PKL/upj_tsm_k9/public/index.php(17): Illuminate/Foundation/Application->handleRequest(Object(Illuminate/Http/Request))
#53 D:/Dokumen Sekolah 12/PKL/upj_tsm_k9/vendor/laravel/framework/src/Illuminate/Foundation/resources/server.php(23): require_once('D://Dokumen Seko...')
#54 {main}
"} 
[2026-04-27 18:01:14] local.ERROR: Unable to call component method. Public method [clearValidation] not found on component {"userId":6,"exception":"[object] (Livewire\\Exceptions\\MethodNotFoundException(code: 0): Unable to call component method. Public method [clearValidation] not found on component at D:/Dokumen Sekolah 12/PKL/upj_tsm_k9/vendor/livewire/livewire/src/Mechanisms/HandleComponents/HandleComponents.php:656)
[stacktrace]
#0 D:/Dokumen Sekolah 12/PKL/upj_tsm_k9/vendor/livewire/livewire/src/Mechanisms/HandleComponents/HandleComponents.php(239): Livewire/Mechanisms/HandleComponents/HandleComponents->callMethods(Object(App/Livewire/InventoryTable), Array, Object(Livewire/Mechanisms/HandleComponents/ComponentContext))
#1 D:/Dokumen Sekolah 12/PKL/upj_tsm_k9/vendor/livewire/livewire/src/LivewireManager.php(131): Livewire/Mechanisms/HandleComponents/HandleComponents->update(Array, Array, Array)
#2 D:/Dokumen Sekolah 12/PKL/upj_tsm_k9/vendor/livewire/livewire/src/Mechanisms/HandleRequests/HandleRequests.php(190): Livewire/LivewireManager->update(Array, Array, Array)
#3 D:/Dokumen Sekolah 12/PKL/upj_tsm_k9/vendor/laravel/framework/src/Illuminate/Routing/ControllerDispatcher.php(47): Livewire/Mechanisms/HandleRequests/HandleRequests->handleUpdate()
#4 D:/Dokumen Sekolah 12/PKL/upj_tsm_k9/vendor/laravel/framework/src/Illuminate/Routing/Route.php(266): Illuminate/Routing/ControllerDispatcher->dispatch(Object(Illuminate/Routing/Route), Object(Livewire/Mechanisms/HandleRequests/HandleRequests), 'handleUpdate')
#5 D:/Dokumen Sekolah 12/PKL/upj_tsm_k9/vendor/laravel/framework/src/Illuminate/Routing/Route.php(212): Illuminate/Routing/Route->runController()
#6 D:/Dokumen Sekolah 12/PKL/upj_tsm_k9/vendor/laravel/framework/src/Illuminate/Routing/Router.php(808): Illuminate/Routing/Route->run()
#7 D:/Dokumen Sekolah 12/PKL/upj_tsm_k9/vendor/laravel/framework/src/Illuminate/Pipeline/Pipeline.php(170): Illuminate/Routing/Router->Illuminate/Routing/{closure}(Object(Illuminate/Http/Request))
#8 D:/Dokumen Sekolah 12/PKL/upj_tsm_k9/vendor/livewire/livewire/src/Mechanisms/HandleRequests/RequireLivewireHeaders.php(19): Illuminate/Pipeline/Pipeline->Illuminate/Pipeline/{closure}(Object(Illuminate/Http/Request))
#9 D:/Dokumen Sekolah 12/PKL/upj_tsm_k9/vendor/laravel/framework/src/Illuminate/Pipeline/Pipeline.php(209): Livewire/Mechanisms/HandleRequests/RequireLivewireHeaders->handle(Object(Illuminate/Http/Request), Object(Closure))
#10 D:/Dokumen Sekolah 12/PKL/upj_tsm_k9/app/Http/Middleware/SecurityHeaders.php(13): Illuminate/Pipeline/Pipeline->Illuminate/Pipeline/{closure}(Object(Illuminate/Http/Request))
#11 D:/Dokumen Sekolah 12/PKL/upj_tsm_k9/vendor/laravel/framework/src/Illuminate/Pipeline/Pipeline.php(209): App/Http/Middleware/SecurityHeaders->handle(Object(Illuminate/Http/Request), Object(Closure))
#12 D:/Dokumen Sekolah 12/PKL/upj_tsm_k9/vendor/laravel/framework/src/Illuminate/Routing/Middleware/SubstituteBindings.php(51): Illuminate/Pipeline/Pipeline->Illuminate/Pipeline/{closure}(Object(Illuminate/Http/Request))
#13 D:/Dokumen Sekolah 12/PKL/upj_tsm_k9/vendor/laravel/framework/src/Illuminate/Pipeline/Pipeline.php(209): Illuminate/Routing/Middleware/SubstituteBindings->handle(Object(Illuminate/Http/Request), Object(Closure))
#14 D:/Dokumen Sekolah 12/PKL/upj_tsm_k9/vendor/laravel/framework/src/Illuminate/Foundation/Http/Middleware/VerifyCsrfToken.php(88): Illuminate/Pipeline/Pipeline->Illuminate/Pipeline/{closure}(Object(Illuminate/Http/Request))
#15 D:/Dokumen Sekolah 12/PKL/upj_tsm_k9/vendor/laravel/framework/src/Illuminate/Pipeline/Pipeline.php(209): Illuminate/Foundation/Http/Middleware/VerifyCsrfToken->handle(Object(Illuminate/Http/Request), Object(Closure))
#16 D:/Dokumen Sekolah 12/PKL/upj_tsm_k9/vendor/laravel/framework/src/Illuminate/View/Middleware/ShareErrorsFromSession.php(49): Illuminate/Pipeline/Pipeline->Illuminate/Pipeline/{closure}(Object(Illuminate/Http/Request))
#17 D:/Dokumen Sekolah 12/PKL/upj_tsm_k9/vendor/laravel/framework/src/Illuminate/Pipeline/Pipeline.php(209): Illuminate/View/Middleware/ShareErrorsFromSession->handle(Object(Illuminate/Http/Request), Object(Closure))
#18 D:/Dokumen Sekolah 12/PKL/upj_tsm_k9/vendor/laravel/framework/src/Illuminate/Session/Middleware/StartSession.php(121): Illuminate/Pipeline/Pipeline->Illuminate/Pipeline/{closure}(Object(Illuminate/Http/Request))
#19 D:/Dokumen Sekolah 12/PKL/upj_tsm_k9/vendor/laravel/framework/src/Illuminate/Session/Middleware/StartSession.php(64): Illuminate/Session/Middleware/StartSession->handleStatefulRequest(Object(Illuminate/Http/Request), Object(Illuminate/Session/Store), Object(Closure))
#20 D:/Dokumen Sekolah 12/PKL/upj_tsm_k9/vendor/laravel/framework/src/Illuminate/Pipeline/Pipeline.php(209): Illuminate/Session/Middleware/StartSession->handle(Object(Illuminate/Http/Request), Object(Closure))
#21 D:/Dokumen Sekolah 12/PKL/upj_tsm_k9/vendor/laravel/framework/src/Illuminate/Cookie/Middleware/AddQueuedCookiesToResponse.php(37): Illuminate/Pipeline/Pipeline->Illuminate/Pipeline/{closure}(Object(Illuminate/Http/Request))
#22 D:/Dokumen Sekolah 12/PKL/upj_tsm_k9/vendor/laravel/framework/src/Illuminate/Pipeline/Pipeline.php(209): Illuminate/Cookie/Middleware/AddQueuedCookiesToResponse->handle(Object(Illuminate/Http/Request), Object(Closure))
#23 D:/Dokumen Sekolah 12/PKL/upj_tsm_k9/vendor/laravel/framework/src/Illuminate/Cookie/Middleware/EncryptCookies.php(75): Illuminate/Pipeline/Pipeline->Illuminate/Pipeline/{closure}(Object(Illuminate/Http/Request))
#24 D:/Dokumen Sekolah 12/PKL/upj_tsm_k9/vendor/laravel/framework/src/Illuminate/Pipeline/Pipeline.php(209): Illuminate/Cookie/Middleware/EncryptCookies->handle(Object(Illuminate/Http/Request), Object(Closure))
#25 D:/Dokumen Sekolah 12/PKL/upj_tsm_k9/vendor/laravel/framework/src/Illuminate/Pipeline/Pipeline.php(127): Illuminate/Pipeline/Pipeline->Illuminate/Pipeline/{closure}(Object(Illuminate/Http/Request))
#26 D:/Dokumen Sekolah 12/PKL/upj_tsm_k9/vendor/laravel/framework/src/Illuminate/Routing/Router.php(807): Illuminate/Pipeline/Pipeline->then(Object(Closure))
#27 D:/Dokumen Sekolah 12/PKL/upj_tsm_k9/vendor/laravel/framework/src/Illuminate/Routing/Router.php(786): Illuminate/Routing/Router->runRouteWithinStack(Object(Illuminate/Routing/Route), Object(Illuminate/Http/Request))
#28 D:/Dokumen Sekolah 12/PKL/upj_tsm_k9/vendor/laravel/framework/src/Illuminate/Routing/Router.php(750): Illuminate/Routing/Router->runRoute(Object(Illuminate/Http/Request), Object(Illuminate/Routing/Route))
#29 D:/Dokumen Sekolah 12/PKL/upj_tsm_k9/vendor/laravel/framework/src/Illuminate/Routing/Router.php(739): Illuminate/Routing/Router->dispatchToRoute(Object(Illuminate/Http/Request))
#30 D:/Dokumen Sekolah 12/PKL/upj_tsm_k9/vendor/laravel/framework/src/Illuminate/Foundation/Http/Kernel.php(201): Illuminate/Routing/Router->dispatch(Object(Illuminate/Http/Request))
#31 D:/Dokumen Sekolah 12/PKL/upj_tsm_k9/vendor/laravel/framework/src/Illuminate/Pipeline/Pipeline.php(170): Illuminate/Foundation/Http/Kernel->Illuminate/Foundation/Http/{closure}(Object(Illuminate/Http/Request))
#32 D:/Dokumen Sekolah 12/PKL/upj_tsm_k9/vendor/livewire/livewire/src/Features/SupportDisablingBackButtonCache/DisableBackButtonCacheMiddleware.php(19): Illuminate/Pipeline/Pipeline->Illuminate/Pipeline/{closure}(Object(Illuminate/Http/Request))
#33 D:/Dokumen Sekolah 12/PKL/upj_tsm_k9/vendor/laravel/framework/src/Illuminate/Pipeline/Pipeline.php(209): Livewire/Features/SupportDisablingBackButtonCache/DisableBackButtonCacheMiddleware->handle(Object(Illuminate/Http/Request), Object(Closure))
#34 D:/Dokumen Sekolah 12/PKL/upj_tsm_k9/vendor/laravel/framework/src/Illuminate/Foundation/Http/Middleware/ConvertEmptyStringsToNull.php(27): Illuminate/Pipeline/Pipeline->Illuminate/Pipeline/{closure}(Object(Illuminate/Http/Request))
#35 D:/Dokumen Sekolah 12/PKL/upj_tsm_k9/vendor/laravel/framework/src/Illuminate/Pipeline/Pipeline.php(209): Illuminate/Foundation/Http/Middleware/ConvertEmptyStringsToNull->handle(Object(Illuminate/Http/Request), Object(Closure))
#36 D:/Dokumen Sekolah 12/PKL/upj_tsm_k9/vendor/laravel/framework/src/Illuminate/Foundation/Http/Middleware/TrimStrings.php(47): Illuminate/Pipeline/Pipeline->Illuminate/Pipeline/{closure}(Object(Illuminate/Http/Request))
#37 D:/Dokumen Sekolah 12/PKL/upj_tsm_k9/vendor/laravel/framework/src/Illuminate/Pipeline/Pipeline.php(209): Illuminate/Foundation/Http/Middleware/TrimStrings->handle(Object(Illuminate/Http/Request), Object(Closure))
#38 D:/Dokumen Sekolah 12/PKL/upj_tsm_k9/vendor/laravel/framework/src/Illuminate/Http/Middleware/ValidatePostSize.php(27): Illuminate/Pipeline/Pipeline->Illuminate/Pipeline/{closure}(Object(Illuminate/Http/Request))
#39 D:/Dokumen Sekolah 12/PKL/upj_tsm_k9/vendor/laravel/framework/src/Illuminate/Pipeline/Pipeline.php(209): Illuminate/Http/Middleware/ValidatePostSize->handle(Object(Illuminate/Http/Request), Object(Closure))
#40 D:/Dokumen Sekolah 12/PKL/upj_tsm_k9/vendor/laravel/framework/src/Illuminate/Foundation/Http/Middleware/PreventRequestsDuringMaintenance.php(110): Illuminate/Pipeline/Pipeline->Illuminate/Pipeline/{closure}(Object(Illuminate/Http/Request))
#41 D:/Dokumen Sekolah 12/PKL/upj_tsm_k9/vendor/laravel/framework/src/Illuminate/Pipeline/Pipeline.php(209): Illuminate/Foundation/Http/Middleware/PreventRequestsDuringMaintenance->handle(Object(Illuminate/Http/Request), Object(Closure))
#42 D:/Dokumen Sekolah 12/PKL/upj_tsm_k9/vendor/laravel/framework/src/Illuminate/Http/Middleware/HandleCors.php(49): Illuminate/Pipeline/Pipeline->Illuminate/Pipeline/{closure}(Object(Illuminate/Http/Request))
#43 D:/Dokumen Sekolah 12/PKL/upj_tsm_k9/vendor/laravel/framework/src/Illuminate/Pipeline/Pipeline.php(209): Illuminate/Http/Middleware/HandleCors->handle(Object(Illuminate/Http/Request), Object(Closure))
#44 D:/Dokumen Sekolah 12/PKL/upj_tsm_k9/vendor/laravel/framework/src/Illuminate/Http/Middleware/TrustProxies.php(58): Illuminate/Pipeline/Pipeline->Illuminate/Pipeline/{closure}(Object(Illuminate/Http/Request))
#45 D:/Dokumen Sekolah 12/PKL/upj_tsm_k9/vendor/laravel/framework/src/Illuminate/Pipeline/Pipeline.php(209): Illuminate/Http/Middleware/TrustProxies->handle(Object(Illuminate/Http/Request), Object(Closure))
#46 D:/Dokumen Sekolah 12/PKL/upj_tsm_k9/vendor/laravel/framework/src/Illuminate/Foundation/Http/Middleware/InvokeDeferredCallbacks.php(22): Illuminate/Pipeline/Pipeline->Illuminate/Pipeline/{closure}(Object(Illuminate/Http/Request))
#47 D:/Dokumen Sekolah 12/PKL/upj_tsm_k9/vendor/laravel/framework/src/Illuminate/Pipeline/Pipeline.php(209): Illuminate/Foundation/Http/Middleware/InvokeDeferredCallbacks->handle(Object(Illuminate/Http/Request), Object(Closure))
#48 D:/Dokumen Sekolah 12/PKL/upj_tsm_k9/vendor/laravel/framework/src/Illuminate/Pipeline/Pipeline.php(127): Illuminate/Pipeline/Pipeline->Illuminate/Pipeline/{closure}(Object(Illuminate/Http/Request))
#49 D:/Dokumen Sekolah 12/PKL/upj_tsm_k9/vendor/laravel/framework/src/Illuminate/Foundation/Http/Kernel.php(176): Illuminate/Pipeline/Pipeline->then(Object(Closure))
#50 D:/Dokumen Sekolah 12/PKL/upj_tsm_k9/vendor/laravel/framework/src/Illuminate/Foundation/Http/Kernel.php(145): Illuminate/Foundation/Http/Kernel->sendRequestThroughRouter(Object(Illuminate/Http/Request))
#51 D:/Dokumen Sekolah 12/PKL/upj_tsm_k9/vendor/laravel/framework/src/Illuminate/Foundation/Application.php(1220): Illuminate/Foundation/Http/Kernel->handle(Object(Illuminate/Http/Request))
#52 D:/Dokumen Sekolah 12/PKL/upj_tsm_k9/public/index.php(17): Illuminate/Foundation/Application->handleRequest(Object(Illuminate/Http/Request))
#53 D:/Dokumen Sekolah 12/PKL/upj_tsm_k9/vendor/laravel/framework/src/Illuminate/Foundation/resources/server.php(23): require_once('D://Dokumen Seko...')
#54 {main}
"} 
[2026-04-27 18:01:17] local.ERROR: Unable to call component method. Public method [clearValidation] not found on component {"userId":6,"exception":"[object] (Livewire\\Exceptions\\MethodNotFoundException(code: 0): Unable to call component method. Public method [clearValidation] not found on component at D:/Dokumen Sekolah 12/PKL/upj_tsm_k9/vendor/livewire/livewire/src/Mechanisms/HandleComponents/HandleComponents.php:656)
[stacktrace]
#0 D:/Dokumen Sekolah 12/PKL/upj_tsm_k9/vendor/livewire/livewire/src/Mechanisms/HandleComponents/HandleComponents.php(239): Livewire/Mechanisms/HandleComponents/HandleComponents->callMethods(Object(App/Livewire/InventoryTable), Array, Object(Livewire/Mechanisms/HandleComponents/ComponentContext))
#1 D:/Dokumen Sekolah 12/PKL/upj_tsm_k9/vendor/livewire/livewire/src/LivewireManager.php(131): Livewire/Mechanisms/HandleComponents/HandleComponents->update(Array, Array, Array)
#2 D:/Dokumen Sekolah 12/PKL/upj_tsm_k9/vendor/livewire/livewire/src/Mechanisms/HandleRequests/HandleRequests.php(190): Livewire/LivewireManager->update(Array, Array, Array)
#3 D:/Dokumen Sekolah 12/PKL/upj_tsm_k9/vendor/laravel/framework/src/Illuminate/Routing/ControllerDispatcher.php(47): Livewire/Mechanisms/HandleRequests/HandleRequests->handleUpdate()
#4 D:/Dokumen Sekolah 12/PKL/upj_tsm_k9/vendor/laravel/framework/src/Illuminate/Routing/Route.php(266): Illuminate/Routing/ControllerDispatcher->dispatch(Object(Illuminate/Routing/Route), Object(Livewire/Mechanisms/HandleRequests/HandleRequests), 'handleUpdate')
#5 D:/Dokumen Sekolah 12/PKL/upj_tsm_k9/vendor/laravel/framework/src/Illuminate/Routing/Route.php(212): Illuminate/Routing/Route->runController()
#6 D:/Dokumen Sekolah 12/PKL/upj_tsm_k9/vendor/laravel/framework/src/Illuminate/Routing/Router.php(808): Illuminate/Routing/Route->run()
#7 D:/Dokumen Sekolah 12/PKL/upj_tsm_k9/vendor/laravel/framework/src/Illuminate/Pipeline/Pipeline.php(170): Illuminate/Routing/Router->Illuminate/Routing/{closure}(Object(Illuminate/Http/Request))
#8 D:/Dokumen Sekolah 12/PKL/upj_tsm_k9/vendor/livewire/livewire/src/Mechanisms/HandleRequests/RequireLivewireHeaders.php(19): Illuminate/Pipeline/Pipeline->Illuminate/Pipeline/{closure}(Object(Illuminate/Http/Request))
#9 D:/Dokumen Sekolah 12/PKL/upj_tsm_k9/vendor/laravel/framework/src/Illuminate/Pipeline/Pipeline.php(209): Livewire/Mechanisms/HandleRequests/RequireLivewireHeaders->handle(Object(Illuminate/Http/Request), Object(Closure))
#10 D:/Dokumen Sekolah 12/PKL/upj_tsm_k9/app/Http/Middleware/SecurityHeaders.php(13): Illuminate/Pipeline/Pipeline->Illuminate/Pipeline/{closure}(Object(Illuminate/Http/Request))
#11 D:/Dokumen Sekolah 12/PKL/upj_tsm_k9/vendor/laravel/framework/src/Illuminate/Pipeline/Pipeline.php(209): App/Http/Middleware/SecurityHeaders->handle(Object(Illuminate/Http/Request), Object(Closure))
#12 D:/Dokumen Sekolah 12/PKL/upj_tsm_k9/vendor/laravel/framework/src/Illuminate/Routing/Middleware/SubstituteBindings.php(51): Illuminate/Pipeline/Pipeline->Illuminate/Pipeline/{closure}(Object(Illuminate/Http/Request))
#13 D:/Dokumen Sekolah 12/PKL/upj_tsm_k9/vendor/laravel/framework/src/Illuminate/Pipeline/Pipeline.php(209): Illuminate/Routing/Middleware/SubstituteBindings->handle(Object(Illuminate/Http/Request), Object(Closure))
#14 D:/Dokumen Sekolah 12/PKL/upj_tsm_k9/vendor/laravel/framework/src/Illuminate/Foundation/Http/Middleware/VerifyCsrfToken.php(88): Illuminate/Pipeline/Pipeline->Illuminate/Pipeline/{closure}(Object(Illuminate/Http/Request))
#15 D:/Dokumen Sekolah 12/PKL/upj_tsm_k9/vendor/laravel/framework/src/Illuminate/Pipeline/Pipeline.php(209): Illuminate/Foundation/Http/Middleware/VerifyCsrfToken->handle(Object(Illuminate/Http/Request), Object(Closure))
#16 D:/Dokumen Sekolah 12/PKL/upj_tsm_k9/vendor/laravel/framework/src/Illuminate/View/Middleware/ShareErrorsFromSession.php(49): Illuminate/Pipeline/Pipeline->Illuminate/Pipeline/{closure}(Object(Illuminate/Http/Request))
#17 D:/Dokumen Sekolah 12/PKL/upj_tsm_k9/vendor/laravel/framework/src/Illuminate/Pipeline/Pipeline.php(209): Illuminate/View/Middleware/ShareErrorsFromSession->handle(Object(Illuminate/Http/Request), Object(Closure))
#18 D:/Dokumen Sekolah 12/PKL/upj_tsm_k9/vendor/laravel/framework/src/Illuminate/Session/Middleware/StartSession.php(121): Illuminate/Pipeline/Pipeline->Illuminate/Pipeline/{closure}(Object(Illuminate/Http/Request))
#19 D:/Dokumen Sekolah 12/PKL/upj_tsm_k9/vendor/laravel/framework/src/Illuminate/Session/Middleware/StartSession.php(64): Illuminate/Session/Middleware/StartSession->handleStatefulRequest(Object(Illuminate/Http/Request), Object(Illuminate/Session/Store), Object(Closure))
#20 D:/Dokumen Sekolah 12/PKL/upj_tsm_k9/vendor/laravel/framework/src/Illuminate/Pipeline/Pipeline.php(209): Illuminate/Session/Middleware/StartSession->handle(Object(Illuminate/Http/Request), Object(Closure))
#21 D:/Dokumen Sekolah 12/PKL/upj_tsm_k9/vendor/laravel/framework/src/Illuminate/Cookie/Middleware/AddQueuedCookiesToResponse.php(37): Illuminate/Pipeline/Pipeline->Illuminate/Pipeline/{closure}(Object(Illuminate/Http/Request))
#22 D:/Dokumen Sekolah 12/PKL/upj_tsm_k9/vendor/laravel/framework/src/Illuminate/Pipeline/Pipeline.php(209): Illuminate/Cookie/Middleware/AddQueuedCookiesToResponse->handle(Object(Illuminate/Http/Request), Object(Closure))
#23 D:/Dokumen Sekolah 12/PKL/upj_tsm_k9/vendor/laravel/framework/src/Illuminate/Cookie/Middleware/EncryptCookies.php(75): Illuminate/Pipeline/Pipeline->Illuminate/Pipeline/{closure}(Object(Illuminate/Http/Request))
#24 D:/Dokumen Sekolah 12/PKL/upj_tsm_k9/vendor/laravel/framework/src/Illuminate/Pipeline/Pipeline.php(209): Illuminate/Cookie/Middleware/EncryptCookies->handle(Object(Illuminate/Http/Request), Object(Closure))
#25 D:/Dokumen Sekolah 12/PKL/upj_tsm_k9/vendor/laravel/framework/src/Illuminate/Pipeline/Pipeline.php(127): Illuminate/Pipeline/Pipeline->Illuminate/Pipeline/{closure}(Object(Illuminate/Http/Request))
#26 D:/Dokumen Sekolah 12/PKL/upj_tsm_k9/vendor/laravel/framework/src/Illuminate/Routing/Router.php(807): Illuminate/Pipeline/Pipeline->then(Object(Closure))
#27 D:/Dokumen Sekolah 12/PKL/upj_tsm_k9/vendor/laravel/framework/src/Illuminate/Routing/Router.php(786): Illuminate/Routing/Router->runRouteWithinStack(Object(Illuminate/Routing/Route), Object(Illuminate/Http/Request))
#28 D:/Dokumen Sekolah 12/PKL/upj_tsm_k9/vendor/laravel/framework/src/Illuminate/Routing/Router.php(750): Illuminate/Routing/Router->runRoute(Object(Illuminate/Http/Request), Object(Illuminate/Routing/Route))
#29 D:/Dokumen Sekolah 12/PKL/upj_tsm_k9/vendor/laravel/framework/src/Illuminate/Routing/Router.php(739): Illuminate/Routing/Router->dispatchToRoute(Object(Illuminate/Http/Request))
#30 D:/Dokumen Sekolah 12/PKL/upj_tsm_k9/vendor/laravel/framework/src/Illuminate/Foundation/Http/Kernel.php(201): Illuminate/Routing/Router->dispatch(Object(Illuminate/Http/Request))
#31 D:/Dokumen Sekolah 12/PKL/upj_tsm_k9/vendor/laravel/framework/src/Illuminate/Pipeline/Pipeline.php(170): Illuminate/Foundation/Http/Kernel->Illuminate/Foundation/Http/{closure}(Object(Illuminate/Http/Request))
#32 D:/Dokumen Sekolah 12/PKL/upj_tsm_k9/vendor/livewire/livewire/src/Features/SupportDisablingBackButtonCache/DisableBackButtonCacheMiddleware.php(19): Illuminate/Pipeline/Pipeline->Illuminate/Pipeline/{closure}(Object(Illuminate/Http/Request))
#33 D:/Dokumen Sekolah 12/PKL/upj_tsm_k9/vendor/laravel/framework/src/Illuminate/Pipeline/Pipeline.php(209): Livewire/Features/SupportDisablingBackButtonCache/DisableBackButtonCacheMiddleware->handle(Object(Illuminate/Http/Request), Object(Closure))
#34 D:/Dokumen Sekolah 12/PKL/upj_tsm_k9/vendor/laravel/framework/src/Illuminate/Foundation/Http/Middleware/ConvertEmptyStringsToNull.php(27): Illuminate/Pipeline/Pipeline->Illuminate/Pipeline/{closure}(Object(Illuminate/Http/Request))
#35 D:/Dokumen Sekolah 12/PKL/upj_tsm_k9/vendor/laravel/framework/src/Illuminate/Pipeline/Pipeline.php(209): Illuminate/Foundation/Http/Middleware/ConvertEmptyStringsToNull->handle(Object(Illuminate/Http/Request), Object(Closure))
#36 D:/Dokumen Sekolah 12/PKL/upj_tsm_k9/vendor/laravel/framework/src/Illuminate/Foundation/Http/Middleware/TrimStrings.php(47): Illuminate/Pipeline/Pipeline->Illuminate/Pipeline/{closure}(Object(Illuminate/Http/Request))
#37 D:/Dokumen Sekolah 12/PKL/upj_tsm_k9/vendor/laravel/framework/src/Illuminate/Pipeline/Pipeline.php(209): Illuminate/Foundation/Http/Middleware/TrimStrings->handle(Object(Illuminate/Http/Request), Object(Closure))
#38 D:/Dokumen Sekolah 12/PKL/upj_tsm_k9/vendor/laravel/framework/src/Illuminate/Http/Middleware/ValidatePostSize.php(27): Illuminate/Pipeline/Pipeline->Illuminate/Pipeline/{closure}(Object(Illuminate/Http/Request))
#39 D:/Dokumen Sekolah 12/PKL/upj_tsm_k9/vendor/laravel/framework/src/Illuminate/Pipeline/Pipeline.php(209): Illuminate/Http/Middleware/ValidatePostSize->handle(Object(Illuminate/Http/Request), Object(Closure))
#40 D:/Dokumen Sekolah 12/PKL/upj_tsm_k9/vendor/laravel/framework/src/Illuminate/Foundation/Http/Middleware/PreventRequestsDuringMaintenance.php(110): Illuminate/Pipeline/Pipeline->Illuminate/Pipeline/{closure}(Object(Illuminate/Http/Request))
#41 D:/Dokumen Sekolah 12/PKL/upj_tsm_k9/vendor/laravel/framework/src/Illuminate/Pipeline/Pipeline.php(209): Illuminate/Foundation/Http/Middleware/PreventRequestsDuringMaintenance->handle(Object(Illuminate/Http/Request), Object(Closure))
#42 D:/Dokumen Sekolah 12/PKL/upj_tsm_k9/vendor/laravel/framework/src/Illuminate/Http/Middleware/HandleCors.php(49): Illuminate/Pipeline/Pipeline->Illuminate/Pipeline/{closure}(Object(Illuminate/Http/Request))
#43 D:/Dokumen Sekolah 12/PKL/upj_tsm_k9/vendor/laravel/framework/src/Illuminate/Pipeline/Pipeline.php(209): Illuminate/Http/Middleware/HandleCors->handle(Object(Illuminate/Http/Request), Object(Closure))
#44 D:/Dokumen Sekolah 12/PKL/upj_tsm_k9/vendor/laravel/framework/src/Illuminate/Http/Middleware/TrustProxies.php(58): Illuminate/Pipeline/Pipeline->Illuminate/Pipeline/{closure}(Object(Illuminate/Http/Request))
#45 D:/Dokumen Sekolah 12/PKL/upj_tsm_k9/vendor/laravel/framework/src/Illuminate/Pipeline/Pipeline.php(209): Illuminate/Http/Middleware/TrustProxies->handle(Object(Illuminate/Http/Request), Object(Closure))
#46 D:/Dokumen Sekolah 12/PKL/upj_tsm_k9/vendor/laravel/framework/src/Illuminate/Foundation/Http/Middleware/InvokeDeferredCallbacks.php(22): Illuminate/Pipeline/Pipeline->Illuminate/Pipeline/{closure}(Object(Illuminate/Http/Request))
#47 D:/Dokumen Sekolah 12/PKL/upj_tsm_k9/vendor/laravel/framework/src/Illuminate/Pipeline/Pipeline.php(209): Illuminate/Foundation/Http/Middleware/InvokeDeferredCallbacks->handle(Object(Illuminate/Http/Request), Object(Closure))
#48 D:/Dokumen Sekolah 12/PKL/upj_tsm_k9/vendor/laravel/framework/src/Illuminate/Pipeline/Pipeline.php(127): Illuminate/Pipeline/Pipeline->Illuminate/Pipeline/{closure}(Object(Illuminate/Http/Request))
#49 D:/Dokumen Sekolah 12/PKL/upj_tsm_k9/vendor/laravel/framework/src/Illuminate/Foundation/Http/Kernel.php(176): Illuminate/Pipeline/Pipeline->then(Object(Closure))
#50 D:/Dokumen Sekolah 12/PKL/upj_tsm_k9/vendor/laravel/framework/src/Illuminate/Foundation/Http/Kernel.php(145): Illuminate/Foundation/Http/Kernel->sendRequestThroughRouter(Object(Illuminate/Http/Request))
#51 D:/Dokumen Sekolah 12/PKL/upj_tsm_k9/vendor/laravel/framework/src/Illuminate/Foundation/Application.php(1220): Illuminate/Foundation/Http/Kernel->handle(Object(Illuminate/Http/Request))
#52 D:/Dokumen Sekolah 12/PKL/upj_tsm_k9/public/index.php(17): Illuminate/Foundation/Application->handleRequest(Object(Illuminate/Http/Request))
#53 D:/Dokumen Sekolah 12/PKL/upj_tsm_k9/vendor/laravel/framework/src/Illuminate/Foundation/resources/server.php(23): require_once('D://Dokumen Seko...')
#54 {main}
"} 
[2026-04-27 18:01:24] local.ERROR: Unable to call component method. Public method [clearValidation] not found on component {"userId":6,"exception":"[object] (Livewire\\Exceptions\\MethodNotFoundException(code: 0): Unable to call component method. Public method [clearValidation] not found on component at D:/Dokumen Sekolah 12/PKL/upj_tsm_k9/vendor/livewire/livewire/src/Mechanisms/HandleComponents/HandleComponents.php:656)
[stacktrace]
#0 D:/Dokumen Sekolah 12/PKL/upj_tsm_k9/vendor/livewire/livewire/src/Mechanisms/HandleComponents/HandleComponents.php(239): Livewire/Mechanisms/HandleComponents/HandleComponents->callMethods(Object(App/Livewire/InventoryTable), Array, Object(Livewire/Mechanisms/HandleComponents/ComponentContext))
#1 D:/Dokumen Sekolah 12/PKL/upj_tsm_k9/vendor/livewire/livewire/src/LivewireManager.php(131): Livewire/Mechanisms/HandleComponents/HandleComponents->update(Array, Array, Array)
#2 D:/Dokumen Sekolah 12/PKL/upj_tsm_k9/vendor/livewire/livewire/src/Mechanisms/HandleRequests/HandleRequests.php(190): Livewire/LivewireManager->update(Array, Array, Array)
#3 D:/Dokumen Sekolah 12/PKL/upj_tsm_k9/vendor/laravel/framework/src/Illuminate/Routing/ControllerDispatcher.php(47): Livewire/Mechanisms/HandleRequests/HandleRequests->handleUpdate()
#4 D:/Dokumen Sekolah 12/PKL/upj_tsm_k9/vendor/laravel/framework/src/Illuminate/Routing/Route.php(266): Illuminate/Routing/ControllerDispatcher->dispatch(Object(Illuminate/Routing/Route), Object(Livewire/Mechanisms/HandleRequests/HandleRequests), 'handleUpdate')
#5 D:/Dokumen Sekolah 12/PKL/upj_tsm_k9/vendor/laravel/framework/src/Illuminate/Routing/Route.php(212): Illuminate/Routing/Route->runController()
#6 D:/Dokumen Sekolah 12/PKL/upj_tsm_k9/vendor/laravel/framework/src/Illuminate/Routing/Router.php(808): Illuminate/Routing/Route->run()
#7 D:/Dokumen Sekolah 12/PKL/upj_tsm_k9/vendor/laravel/framework/src/Illuminate/Pipeline/Pipeline.php(170): Illuminate/Routing/Router->Illuminate/Routing/{closure}(Object(Illuminate/Http/Request))
#8 D:/Dokumen Sekolah 12/PKL/upj_tsm_k9/vendor/livewire/livewire/src/Mechanisms/HandleRequests/RequireLivewireHeaders.php(19): Illuminate/Pipeline/Pipeline->Illuminate/Pipeline/{closure}(Object(Illuminate/Http/Request))
#9 D:/Dokumen Sekolah 12/PKL/upj_tsm_k9/vendor/laravel/framework/src/Illuminate/Pipeline/Pipeline.php(209): Livewire/Mechanisms/HandleRequests/RequireLivewireHeaders->handle(Object(Illuminate/Http/Request), Object(Closure))
#10 D:/Dokumen Sekolah 12/PKL/upj_tsm_k9/app/Http/Middleware/SecurityHeaders.php(13): Illuminate/Pipeline/Pipeline->Illuminate/Pipeline/{closure}(Object(Illuminate/Http/Request))
#11 D:/Dokumen Sekolah 12/PKL/upj_tsm_k9/vendor/laravel/framework/src/Illuminate/Pipeline/Pipeline.php(209): App/Http/Middleware/SecurityHeaders->handle(Object(Illuminate/Http/Request), Object(Closure))
#12 D:/Dokumen Sekolah 12/PKL/upj_tsm_k9/vendor/laravel/framework/src/Illuminate/Routing/Middleware/SubstituteBindings.php(51): Illuminate/Pipeline/Pipeline->Illuminate/Pipeline/{closure}(Object(Illuminate/Http/Request))
#13 D:/Dokumen Sekolah 12/PKL/upj_tsm_k9/vendor/laravel/framework/src/Illuminate/Pipeline/Pipeline.php(209): Illuminate/Routing/Middleware/SubstituteBindings->handle(Object(Illuminate/Http/Request), Object(Closure))
#14 D:/Dokumen Sekolah 12/PKL/upj_tsm_k9/vendor/laravel/framework/src/Illuminate/Foundation/Http/Middleware/VerifyCsrfToken.php(88): Illuminate/Pipeline/Pipeline->Illuminate/Pipeline/{closure}(Object(Illuminate/Http/Request))
#15 D:/Dokumen Sekolah 12/PKL/upj_tsm_k9/vendor/laravel/framework/src/Illuminate/Pipeline/Pipeline.php(209): Illuminate/Foundation/Http/Middleware/VerifyCsrfToken->handle(Object(Illuminate/Http/Request), Object(Closure))
#16 D:/Dokumen Sekolah 12/PKL/upj_tsm_k9/vendor/laravel/framework/src/Illuminate/View/Middleware/ShareErrorsFromSession.php(49): Illuminate/Pipeline/Pipeline->Illuminate/Pipeline/{closure}(Object(Illuminate/Http/Request))
#17 D:/Dokumen Sekolah 12/PKL/upj_tsm_k9/vendor/laravel/framework/src/Illuminate/Pipeline/Pipeline.php(209): Illuminate/View/Middleware/ShareErrorsFromSession->handle(Object(Illuminate/Http/Request), Object(Closure))
#18 D:/Dokumen Sekolah 12/PKL/upj_tsm_k9/vendor/laravel/framework/src/Illuminate/Session/Middleware/StartSession.php(121): Illuminate/Pipeline/Pipeline->Illuminate/Pipeline/{closure}(Object(Illuminate/Http/Request))
#19 D:/Dokumen Sekolah 12/PKL/upj_tsm_k9/vendor/laravel/framework/src/Illuminate/Session/Middleware/StartSession.php(64): Illuminate/Session/Middleware/StartSession->handleStatefulRequest(Object(Illuminate/Http/Request), Object(Illuminate/Session/Store), Object(Closure))
#20 D:/Dokumen Sekolah 12/PKL/upj_tsm_k9/vendor/laravel/framework/src/Illuminate/Pipeline/Pipeline.php(209): Illuminate/Session/Middleware/StartSession->handle(Object(Illuminate/Http/Request), Object(Closure))
#21 D:/Dokumen Sekolah 12/PKL/upj_tsm_k9/vendor/laravel/framework/src/Illuminate/Cookie/Middleware/AddQueuedCookiesToResponse.php(37): Illuminate/Pipeline/Pipeline->Illuminate/Pipeline/{closure}(Object(Illuminate/Http/Request))
#22 D:/Dokumen Sekolah 12/PKL/upj_tsm_k9/vendor/laravel/framework/src/Illuminate/Pipeline/Pipeline.php(209): Illuminate/Cookie/Middleware/AddQueuedCookiesToResponse->handle(Object(Illuminate/Http/Request), Object(Closure))
#23 D:/Dokumen Sekolah 12/PKL/upj_tsm_k9/vendor/laravel/framework/src/Illuminate/Cookie/Middleware/EncryptCookies.php(75): Illuminate/Pipeline/Pipeline->Illuminate/Pipeline/{closure}(Object(Illuminate/Http/Request))
#24 D:/Dokumen Sekolah 12/PKL/upj_tsm_k9/vendor/laravel/framework/src/Illuminate/Pipeline/Pipeline.php(209): Illuminate/Cookie/Middleware/EncryptCookies->handle(Object(Illuminate/Http/Request), Object(Closure))
#25 D:/Dokumen Sekolah 12/PKL/upj_tsm_k9/vendor/laravel/framework/src/Illuminate/Pipeline/Pipeline.php(127): Illuminate/Pipeline/Pipeline->Illuminate/Pipeline/{closure}(Object(Illuminate/Http/Request))
#26 D:/Dokumen Sekolah 12/PKL/upj_tsm_k9/vendor/laravel/framework/src/Illuminate/Routing/Router.php(807): Illuminate/Pipeline/Pipeline->then(Object(Closure))
#27 D:/Dokumen Sekolah 12/PKL/upj_tsm_k9/vendor/laravel/framework/src/Illuminate/Routing/Router.php(786): Illuminate/Routing/Router->runRouteWithinStack(Object(Illuminate/Routing/Route), Object(Illuminate/Http/Request))
#28 D:/Dokumen Sekolah 12/PKL/upj_tsm_k9/vendor/laravel/framework/src/Illuminate/Routing/Router.php(750): Illuminate/Routing/Router->runRoute(Object(Illuminate/Http/Request), Object(Illuminate/Routing/Route))
#29 D:/Dokumen Sekolah 12/PKL/upj_tsm_k9/vendor/laravel/framework/src/Illuminate/Routing/Router.php(739): Illuminate/Routing/Router->dispatchToRoute(Object(Illuminate/Http/Request))
#30 D:/Dokumen Sekolah 12/PKL/upj_tsm_k9/vendor/laravel/framework/src/Illuminate/Foundation/Http/Kernel.php(201): Illuminate/Routing/Router->dispatch(Object(Illuminate/Http/Request))
#31 D:/Dokumen Sekolah 12/PKL/upj_tsm_k9/vendor/laravel/framework/src/Illuminate/Pipeline/Pipeline.php(170): Illuminate/Foundation/Http/Kernel->Illuminate/Foundation/Http/{closure}(Object(Illuminate/Http/Request))
#32 D:/Dokumen Sekolah 12/PKL/upj_tsm_k9/vendor/livewire/livewire/src/Features/SupportDisablingBackButtonCache/DisableBackButtonCacheMiddleware.php(19): Illuminate/Pipeline/Pipeline->Illuminate/Pipeline/{closure}(Object(Illuminate/Http/Request))
#33 D:/Dokumen Sekolah 12/PKL/upj_tsm_k9/vendor/laravel/framework/src/Illuminate/Pipeline/Pipeline.php(209): Livewire/Features/SupportDisablingBackButtonCache/DisableBackButtonCacheMiddleware->handle(Object(Illuminate/Http/Request), Object(Closure))
#34 D:/Dokumen Sekolah 12/PKL/upj_tsm_k9/vendor/laravel/framework/src/Illuminate/Foundation/Http/Middleware/ConvertEmptyStringsToNull.php(27): Illuminate/Pipeline/Pipeline->Illuminate/Pipeline/{closure}(Object(Illuminate/Http/Request))
#35 D:/Dokumen Sekolah 12/PKL/upj_tsm_k9/vendor/laravel/framework/src/Illuminate/Pipeline/Pipeline.php(209): Illuminate/Foundation/Http/Middleware/ConvertEmptyStringsToNull->handle(Object(Illuminate/Http/Request), Object(Closure))
#36 D:/Dokumen Sekolah 12/PKL/upj_tsm_k9/vendor/laravel/framework/src/Illuminate/Foundation/Http/Middleware/TrimStrings.php(47): Illuminate/Pipeline/Pipeline->Illuminate/Pipeline/{closure}(Object(Illuminate/Http/Request))
#37 D:/Dokumen Sekolah 12/PKL/upj_tsm_k9/vendor/laravel/framework/src/Illuminate/Pipeline/Pipeline.php(209): Illuminate/Foundation/Http/Middleware/TrimStrings->handle(Object(Illuminate/Http/Request), Object(Closure))
#38 D:/Dokumen Sekolah 12/PKL/upj_tsm_k9/vendor/laravel/framework/src/Illuminate/Http/Middleware/ValidatePostSize.php(27): Illuminate/Pipeline/Pipeline->Illuminate/Pipeline/{closure}(Object(Illuminate/Http/Request))
#39 D:/Dokumen Sekolah 12/PKL/upj_tsm_k9/vendor/laravel/framework/src/Illuminate/Pipeline/Pipeline.php(209): Illuminate/Http/Middleware/ValidatePostSize->handle(Object(Illuminate/Http/Request), Object(Closure))
#40 D:/Dokumen Sekolah 12/PKL/upj_tsm_k9/vendor/laravel/framework/src/Illuminate/Foundation/Http/Middleware/PreventRequestsDuringMaintenance.php(110): Illuminate/Pipeline/Pipeline->Illuminate/Pipeline/{closure}(Object(Illuminate/Http/Request))
#41 D:/Dokumen Sekolah 12/PKL/upj_tsm_k9/vendor/laravel/framework/src/Illuminate/Pipeline/Pipeline.php(209): Illuminate/Foundation/Http/Middleware/PreventRequestsDuringMaintenance->handle(Object(Illuminate/Http/Request), Object(Closure))
#42 D:/Dokumen Sekolah 12/PKL/upj_tsm_k9/vendor/laravel/framework/src/Illuminate/Http/Middleware/HandleCors.php(49): Illuminate/Pipeline/Pipeline->Illuminate/Pipeline/{closure}(Object(Illuminate/Http/Request))
#43 D:/Dokumen Sekolah 12/PKL/upj_tsm_k9/vendor/laravel/framework/src/Illuminate/Pipeline/Pipeline.php(209): Illuminate/Http/Middleware/HandleCors->handle(Object(Illuminate/Http/Request), Object(Closure))
#44 D:/Dokumen Sekolah 12/PKL/upj_tsm_k9/vendor/laravel/framework/src/Illuminate/Http/Middleware/TrustProxies.php(58): Illuminate/Pipeline/Pipeline->Illuminate/Pipeline/{closure}(Object(Illuminate/Http/Request))
#45 D:/Dokumen Sekolah 12/PKL/upj_tsm_k9/vendor/laravel/framework/src/Illuminate/Pipeline/Pipeline.php(209): Illuminate/Http/Middleware/TrustProxies->handle(Object(Illuminate/Http/Request), Object(Closure))
#46 D:/Dokumen Sekolah 12/PKL/upj_tsm_k9/vendor/laravel/framework/src/Illuminate/Foundation/Http/Middleware/InvokeDeferredCallbacks.php(22): Illuminate/Pipeline/Pipeline->Illuminate/Pipeline/{closure}(Object(Illuminate/Http/Request))
#47 D:/Dokumen Sekolah 12/PKL/upj_tsm_k9/vendor/laravel/framework/src/Illuminate/Pipeline/Pipeline.php(209): Illuminate/Foundation/Http/Middleware/InvokeDeferredCallbacks->handle(Object(Illuminate/Http/Request), Object(Closure))
#48 D:/Dokumen Sekolah 12/PKL/upj_tsm_k9/vendor/laravel/framework/src/Illuminate/Pipeline/Pipeline.php(127): Illuminate/Pipeline/Pipeline->Illuminate/Pipeline/{closure}(Object(Illuminate/Http/Request))
#49 D:/Dokumen Sekolah 12/PKL/upj_tsm_k9/vendor/laravel/framework/src/Illuminate/Foundation/Http/Kernel.php(176): Illuminate/Pipeline/Pipeline->then(Object(Closure))
#50 D:/Dokumen Sekolah 12/PKL/upj_tsm_k9/vendor/laravel/framework/src/Illuminate/Foundation/Http/Kernel.php(145): Illuminate/Foundation/Http/Kernel->sendRequestThroughRouter(Object(Illuminate/Http/Request))
#51 D:/Dokumen Sekolah 12/PKL/upj_tsm_k9/vendor/laravel/framework/src/Illuminate/Foundation/Application.php(1220): Illuminate/Foundation/Http/Kernel->handle(Object(Illuminate/Http/Request))
#52 D:/Dokumen Sekolah 12/PKL/upj_tsm_k9/public/index.php(17): Illuminate/Foundation/Application->handleRequest(Object(Illuminate/Http/Request))
#53 D:/Dokumen Sekolah 12/PKL/upj_tsm_k9/vendor/laravel/framework/src/Illuminate/Foundation/resources/server.php(23): require_once('D://Dokumen Seko...')
#54 {main}
"} 
[2026-04-28 12:45:44] local.ERROR: The command ""C:\Program Files\nodejs\\node.EXE" "D:\Dokumen Sekolah 12\PKL\upj_tsm_k9\vendor\spatie\browsershot\src/../bin/browser.cjs" "{""url"":""file:\/\/C:\\Users\\ZAKI\\AppData\\Local\\Temp\\407250075-0882360001777355143\\index.html"",""action"":""pdf"",""options"":{""args"":[""--no-sandbox"",""--disable-setuid-sandbox""],""viewport"":{""width"":800,""height"":600},""displayHeaderFooter"":false,""executablePath"":""C:\\Program Files\\Google\\Chrome\\Application\\chrome.exe"",""emulateMedia"":""screen"",""margin"":{""top"":""10mm"",""right"":""10mm"",""bottom"":""10mm"",""left"":""10mm""},""format"":""A4""}}"" failed.

Exit Code: 1(General error)

Working directory: D:\Dokumen Sekolah 12\PKL\upj_tsm_k9\public

Output:
================


Error Output:
================
node:internal/modules/cjs/loader:1401
  const err = new Error(message);
              ^

Error: Cannot find module 'puppeteer'
Require stack:
- D:\Dokumen Sekolah 12\PKL\upj_tsm_k9\vendor\spatie\browsershot\bin\browser.cjs
    at Function._resolveFilename (node:internal/modules/cjs/loader:1401:15)
    at defaultResolveImpl (node:internal/modules/cjs/loader:1057:19)
    at resolveForCJSWithHooks (node:internal/modules/cjs/loader:1062:22)
    at Function._load (node:internal/modules/cjs/loader:1211:37)
    at TracingChannel.traceSync (node:diagnostics_channel:322:14)
    at wrapModuleLoad (node:internal/modules/cjs/loader:235:24)
    at Module.require (node:internal/modules/cjs/loader:1487:12)
    at require (node:internal/modules/helpers:135:16)
    at callChrome (D:\Dokumen Sekolah 12\PKL\upj_tsm_k9\vendor\spatie\browsershot\bin\browser.cjs:75:28)
    at Object.<anonymous> (D:\Dokumen Sekolah 12\PKL\upj_tsm_k9\vendor\spatie\browsershot\bin\browser.cjs:470:5) {
  code: 'MODULE_NOT_FOUND',
  requireStack: [
    'D:\\Dokumen Sekolah 12\\PKL\\upj_tsm_k9\\vendor\\spatie\\browsershot\\bin\\browser.cjs'
  ]
}

Node.js v22.15.1
 {"userId":6,"exception":"[object] (Symfony\\Component\\Process\\Exception\\ProcessFailedException(code: 0): The command \"\"C:\\Program Files\\nodejs\\\\node.EXE\" \"D:\\Dokumen Sekolah 12\\PKL\\upj_tsm_k9\\vendor\\spatie\\browsershot\\src/../bin/browser.cjs\" \"{\"\"url\"\":\"\"file:\\/\\/C:\\\\Users\\\\ZAKI\\\\AppData\\\\Local\\\\Temp\\\\407250075-0882360001777355143\\\\index.html\"\",\"\"action\"\":\"\"pdf\"\",\"\"options\"\":{\"\"args\"\":[\"\"--no-sandbox\"\",\"\"--disable-setuid-sandbox\"\"],\"\"viewport\"\":{\"\"width\"\":800,\"\"height\"\":600},\"\"displayHeaderFooter\"\":false,\"\"executablePath\"\":\"\"C:\\\\Program Files\\\\Google\\\\Chrome\\\\Application\\\\chrome.exe\"\",\"\"emulateMedia\"\":\"\"screen\"\",\"\"margin\"\":{\"\"top\"\":\"\"10mm\"\",\"\"right\"\":\"\"10mm\"\",\"\"bottom\"\":\"\"10mm\"\",\"\"left\"\":\"\"10mm\"\"},\"\"format\"\":\"\"A4\"\"}}\"\" failed.

Exit Code: 1(General error)

Working directory: D:\\Dokumen Sekolah 12\\PKL\\upj_tsm_k9\\public

Output:
================


Error Output:
================
node:internal/modules/cjs/loader:1401

  const err = new Error(message);

              ^



Error: Cannot find module 'puppeteer'

Require stack:

- D:\\Dokumen Sekolah 12\\PKL\\upj_tsm_k9\\vendor\\spatie\\browsershot\\bin\\browser.cjs

    at Function._resolveFilename (node:internal/modules/cjs/loader:1401:15)

    at defaultResolveImpl (node:internal/modules/cjs/loader:1057:19)

    at resolveForCJSWithHooks (node:internal/modules/cjs/loader:1062:22)

    at Function._load (node:internal/modules/cjs/loader:1211:37)

    at TracingChannel.traceSync (node:diagnostics_channel:322:14)

    at wrapModuleLoad (node:internal/modules/cjs/loader:235:24)

    at Module.require (node:internal/modules/cjs/loader:1487:12)

    at require (node:internal/modules/helpers:135:16)

    at callChrome (D:\\Dokumen Sekolah 12\\PKL\\upj_tsm_k9\\vendor\\spatie\\browsershot\\bin\\browser.cjs:75:28)

    at Object.<anonymous> (D:\\Dokumen Sekolah 12\\PKL\\upj_tsm_k9\\vendor\\spatie\\browsershot\\bin\\browser.cjs:470:5) {

  code: 'MODULE_NOT_FOUND',

  requireStack: [

    'D:\\\\Dokumen Sekolah 12\\\\PKL\\\\upj_tsm_k9\\\\vendor\\\\spatie\\\\browsershot\\\\bin\\\\browser.cjs'

  ]

}



Node.js v22.15.1

 at D:/Dokumen Sekolah 12/PKL/upj_tsm_k9/vendor/spatie/browsershot/src/Browsershot.php:1156)
[stacktrace]
#0 D:/Dokumen Sekolah 12/PKL/upj_tsm_k9/vendor/spatie/browsershot/src/Browsershot.php(740): Spatie/Browsershot/Browsershot->callBrowser(Array)
#1 D:/Dokumen Sekolah 12/PKL/upj_tsm_k9/app/Http/Controllers/KeuanganController.php(278): Spatie/Browsershot/Browsershot->pdf()
#2 D:/Dokumen Sekolah 12/PKL/upj_tsm_k9/vendor/laravel/framework/src/Illuminate/Routing/ControllerDispatcher.php(47): App/Http/Controllers/KeuanganController->cetak(Object(Illuminate/Http/Request))
#3 D:/Dokumen Sekolah 12/PKL/upj_tsm_k9/vendor/laravel/framework/src/Illuminate/Routing/Route.php(266): Illuminate/Routing/ControllerDispatcher->dispatch(Object(Illuminate/Routing/Route), Object(App/Http/Controllers/KeuanganController), 'cetak')
#4 D:/Dokumen Sekolah 12/PKL/upj_tsm_k9/vendor/laravel/framework/src/Illuminate/Routing/Route.php(212): Illuminate/Routing/Route->runController()
#5 D:/Dokumen Sekolah 12/PKL/upj_tsm_k9/vendor/laravel/framework/src/Illuminate/Routing/Router.php(808): Illuminate/Routing/Route->run()
#6 D:/Dokumen Sekolah 12/PKL/upj_tsm_k9/vendor/laravel/framework/src/Illuminate/Pipeline/Pipeline.php(170): Illuminate/Routing/Router->Illuminate/Routing/{closure}(Object(Illuminate/Http/Request))
#7 D:/Dokumen Sekolah 12/PKL/upj_tsm_k9/app/Http/Middleware/AdminOnly.php(18): Illuminate/Pipeline/Pipeline->Illuminate/Pipeline/{closure}(Object(Illuminate/Http/Request))
#8 D:/Dokumen Sekolah 12/PKL/upj_tsm_k9/vendor/laravel/framework/src/Illuminate/Pipeline/Pipeline.php(209): App/Http/Middleware/AdminOnly->handle(Object(Illuminate/Http/Request), Object(Closure))
#9 D:/Dokumen Sekolah 12/PKL/upj_tsm_k9/app/Http/Middleware/SecurityHeaders.php(13): Illuminate/Pipeline/Pipeline->Illuminate/Pipeline/{closure}(Object(Illuminate/Http/Request))
#10 D:/Dokumen Sekolah 12/PKL/upj_tsm_k9/vendor/laravel/framework/src/Illuminate/Pipeline/Pipeline.php(209): App/Http/Middleware/SecurityHeaders->handle(Object(Illuminate/Http/Request), Object(Closure))
#11 D:/Dokumen Sekolah 12/PKL/upj_tsm_k9/vendor/laravel/framework/src/Illuminate/Routing/Middleware/SubstituteBindings.php(51): Illuminate/Pipeline/Pipeline->Illuminate/Pipeline/{closure}(Object(Illuminate/Http/Request))
#12 D:/Dokumen Sekolah 12/PKL/upj_tsm_k9/vendor/laravel/framework/src/Illuminate/Pipeline/Pipeline.php(209): Illuminate/Routing/Middleware/SubstituteBindings->handle(Object(Illuminate/Http/Request), Object(Closure))
#13 D:/Dokumen Sekolah 12/PKL/upj_tsm_k9/vendor/laravel/framework/src/Illuminate/Auth/Middleware/Authenticate.php(64): Illuminate/Pipeline/Pipeline->Illuminate/Pipeline/{closure}(Object(Illuminate/Http/Request))
#14 D:/Dokumen Sekolah 12/PKL/upj_tsm_k9/vendor/laravel/framework/src/Illuminate/Pipeline/Pipeline.php(209): Illuminate/Auth/Middleware/Authenticate->handle(Object(Illuminate/Http/Request), Object(Closure))
#15 D:/Dokumen Sekolah 12/PKL/upj_tsm_k9/vendor/laravel/framework/src/Illuminate/Foundation/Http/Middleware/VerifyCsrfToken.php(88): Illuminate/Pipeline/Pipeline->Illuminate/Pipeline/{closure}(Object(Illuminate/Http/Request))
#16 D:/Dokumen Sekolah 12/PKL/upj_tsm_k9/vendor/laravel/framework/src/Illuminate/Pipeline/Pipeline.php(209): Illuminate/Foundation/Http/Middleware/VerifyCsrfToken->handle(Object(Illuminate/Http/Request), Object(Closure))
#17 D:/Dokumen Sekolah 12/PKL/upj_tsm_k9/vendor/laravel/framework/src/Illuminate/View/Middleware/ShareErrorsFromSession.php(49): Illuminate/Pipeline/Pipeline->Illuminate/Pipeline/{closure}(Object(Illuminate/Http/Request))
#18 D:/Dokumen Sekolah 12/PKL/upj_tsm_k9/vendor/laravel/framework/src/Illuminate/Pipeline/Pipeline.php(209): Illuminate/View/Middleware/ShareErrorsFromSession->handle(Object(Illuminate/Http/Request), Object(Closure))
#19 D:/Dokumen Sekolah 12/PKL/upj_tsm_k9/vendor/laravel/framework/src/Illuminate/Session/Middleware/StartSession.php(121): Illuminate/Pipeline/Pipeline->Illuminate/Pipeline/{closure}(Object(Illuminate/Http/Request))
#20 D:/Dokumen Sekolah 12/PKL/upj_tsm_k9/vendor/laravel/framework/src/Illuminate/Session/Middleware/StartSession.php(64): Illuminate/Session/Middleware/StartSession->handleStatefulRequest(Object(Illuminate/Http/Request), Object(Illuminate/Session/Store), Object(Closure))
#21 D:/Dokumen Sekolah 12/PKL/upj_tsm_k9/vendor/laravel/framework/src/Illuminate/Pipeline/Pipeline.php(209): Illuminate/Session/Middleware/StartSession->handle(Object(Illuminate/Http/Request), Object(Closure))
#22 D:/Dokumen Sekolah 12/PKL/upj_tsm_k9/vendor/laravel/framework/src/Illuminate/Cookie/Middleware/AddQueuedCookiesToResponse.php(37): Illuminate/Pipeline/Pipeline->Illuminate/Pipeline/{closure}(Object(Illuminate/Http/Request))
#23 D:/Dokumen Sekolah 12/PKL/upj_tsm_k9/vendor/laravel/framework/src/Illuminate/Pipeline/Pipeline.php(209): Illuminate/Cookie/Middleware/AddQueuedCookiesToResponse->handle(Object(Illuminate/Http/Request), Object(Closure))
#24 D:/Dokumen Sekolah 12/PKL/upj_tsm_k9/vendor/laravel/framework/src/Illuminate/Cookie/Middleware/EncryptCookies.php(75): Illuminate/Pipeline/Pipeline->Illuminate/Pipeline/{closure}(Object(Illuminate/Http/Request))
#25 D:/Dokumen Sekolah 12/PKL/upj_tsm_k9/vendor/laravel/framework/src/Illuminate/Pipeline/Pipeline.php(209): Illuminate/Cookie/Middleware/EncryptCookies->handle(Object(Illuminate/Http/Request), Object(Closure))
#26 D:/Dokumen Sekolah 12/PKL/upj_tsm_k9/vendor/laravel/framework/src/Illuminate/Pipeline/Pipeline.php(127): Illuminate/Pipeline/Pipeline->Illuminate/Pipeline/{closure}(Object(Illuminate/Http/Request))
#27 D:/Dokumen Sekolah 12/PKL/upj_tsm_k9/vendor/laravel/framework/src/Illuminate/Routing/Router.php(807): Illuminate/Pipeline/Pipeline->then(Object(Closure))
#28 D:/Dokumen Sekolah 12/PKL/upj_tsm_k9/vendor/laravel/framework/src/Illuminate/Routing/Router.php(786): Illuminate/Routing/Router->runRouteWithinStack(Object(Illuminate/Routing/Route), Object(Illuminate/Http/Request))
#29 D:/Dokumen Sekolah 12/PKL/upj_tsm_k9/vendor/laravel/framework/src/Illuminate/Routing/Router.php(750): Illuminate/Routing/Router->runRoute(Object(Illuminate/Http/Request), Object(Illuminate/Routing/Route))
#30 D:/Dokumen Sekolah 12/PKL/upj_tsm_k9/vendor/laravel/framework/src/Illuminate/Routing/Router.php(739): Illuminate/Routing/Router->dispatchToRoute(Object(Illuminate/Http/Request))
#31 D:/Dokumen Sekolah 12/PKL/upj_tsm_k9/vendor/laravel/framework/src/Illuminate/Foundation/Http/Kernel.php(201): Illuminate/Routing/Router->dispatch(Object(Illuminate/Http/Request))
#32 D:/Dokumen Sekolah 12/PKL/upj_tsm_k9/vendor/laravel/framework/src/Illuminate/Pipeline/Pipeline.php(170): Illuminate/Foundation/Http/Kernel->Illuminate/Foundation/Http/{closure}(Object(Illuminate/Http/Request))
#33 D:/Dokumen Sekolah 12/PKL/upj_tsm_k9/vendor/livewire/livewire/src/Features/SupportDisablingBackButtonCache/DisableBackButtonCacheMiddleware.php(19): Illuminate/Pipeline/Pipeline->Illuminate/Pipeline/{closure}(Object(Illuminate/Http/Request))
#34 D:/Dokumen Sekolah 12/PKL/upj_tsm_k9/vendor/laravel/framework/src/Illuminate/Pipeline/Pipeline.php(209): Livewire/Features/SupportDisablingBackButtonCache/DisableBackButtonCacheMiddleware->handle(Object(Illuminate/Http/Request), Object(Closure))
#35 D:/Dokumen Sekolah 12/PKL/upj_tsm_k9/vendor/laravel/framework/src/Illuminate/Foundation/Http/Middleware/TransformsRequest.php(21): Illuminate/Pipeline/Pipeline->Illuminate/Pipeline/{closure}(Object(Illuminate/Http/Request))
#36 D:/Dokumen Sekolah 12/PKL/upj_tsm_k9/vendor/laravel/framework/src/Illuminate/Foundation/Http/Middleware/ConvertEmptyStringsToNull.php(31): Illuminate/Foundation/Http/Middleware/TransformsRequest->handle(Object(Illuminate/Http/Request), Object(Closure))
#37 D:/Dokumen Sekolah 12/PKL/upj_tsm_k9/vendor/laravel/framework/src/Illuminate/Pipeline/Pipeline.php(209): Illuminate/Foundation/Http/Middleware/ConvertEmptyStringsToNull->handle(Object(Illuminate/Http/Request), Object(Closure))
#38 D:/Dokumen Sekolah 12/PKL/upj_tsm_k9/vendor/laravel/framework/src/Illuminate/Foundation/Http/Middleware/TransformsRequest.php(21): Illuminate/Pipeline/Pipeline->Illuminate/Pipeline/{closure}(Object(Illuminate/Http/Request))
#39 D:/Dokumen Sekolah 12/PKL/upj_tsm_k9/vendor/laravel/framework/src/Illuminate/Foundation/Http/Middleware/TrimStrings.php(51): Illuminate/Foundation/Http/Middleware/TransformsRequest->handle(Object(Illuminate/Http/Request), Object(Closure))
#40 D:/Dokumen Sekolah 12/PKL/upj_tsm_k9/vendor/laravel/framework/src/Illuminate/Pipeline/Pipeline.php(209): Illuminate/Foundation/Http/Middleware/TrimStrings->handle(Object(Illuminate/Http/Request), Object(Closure))
#41 D:/Dokumen Sekolah 12/PKL/upj_tsm_k9/vendor/laravel/framework/src/Illuminate/Http/Middleware/ValidatePostSize.php(27): Illuminate/Pipeline/Pipeline->Illuminate/Pipeline/{closure}(Object(Illuminate/Http/Request))
#42 D:/Dokumen Sekolah 12/PKL/upj_tsm_k9/vendor/laravel/framework/src/Illuminate/Pipeline/Pipeline.php(209): Illuminate/Http/Middleware/ValidatePostSize->handle(Object(Illuminate/Http/Request), Object(Closure))
#43 D:/Dokumen Sekolah 12/PKL/upj_tsm_k9/vendor/laravel/framework/src/Illuminate/Foundation/Http/Middleware/PreventRequestsDuringMaintenance.php(110): Illuminate/Pipeline/Pipeline->Illuminate/Pipeline/{closure}(Object(Illuminate/Http/Request))
#44 D:/Dokumen Sekolah 12/PKL/upj_tsm_k9/vendor/laravel/framework/src/Illuminate/Pipeline/Pipeline.php(209): Illuminate/Foundation/Http/Middleware/PreventRequestsDuringMaintenance->handle(Object(Illuminate/Http/Request), Object(Closure))
#45 D:/Dokumen Sekolah 12/PKL/upj_tsm_k9/vendor/laravel/framework/src/Illuminate/Http/Middleware/HandleCors.php(49): Illuminate/Pipeline/Pipeline->Illuminate/Pipeline/{closure}(Object(Illuminate/Http/Request))
#46 D:/Dokumen Sekolah 12/PKL/upj_tsm_k9/vendor/laravel/framework/src/Illuminate/Pipeline/Pipeline.php(209): Illuminate/Http/Middleware/HandleCors->handle(Object(Illuminate/Http/Request), Object(Closure))
#47 D:/Dokumen Sekolah 12/PKL/upj_tsm_k9/vendor/laravel/framework/src/Illuminate/Http/Middleware/TrustProxies.php(58): Illuminate/Pipeline/Pipeline->Illuminate/Pipeline/{closure}(Object(Illuminate/Http/Request))
#48 D:/Dokumen Sekolah 12/PKL/upj_tsm_k9/vendor/laravel/framework/src/Illuminate/Pipeline/Pipeline.php(209): Illuminate/Http/Middleware/TrustProxies->handle(Object(Illuminate/Http/Request), Object(Closure))
#49 D:/Dokumen Sekolah 12/PKL/upj_tsm_k9/vendor/laravel/framework/src/Illuminate/Foundation/Http/Middleware/InvokeDeferredCallbacks.php(22): Illuminate/Pipeline/Pipeline->Illuminate/Pipeline/{closure}(Object(Illuminate/Http/Request))
#50 D:/Dokumen Sekolah 12/PKL/upj_tsm_k9/vendor/laravel/framework/src/Illuminate/Pipeline/Pipeline.php(209): Illuminate/Foundation/Http/Middleware/InvokeDeferredCallbacks->handle(Object(Illuminate/Http/Request), Object(Closure))
#51 D:/Dokumen Sekolah 12/PKL/upj_tsm_k9/vendor/laravel/framework/src/Illuminate/Pipeline/Pipeline.php(127): Illuminate/Pipeline/Pipeline->Illuminate/Pipeline/{closure}(Object(Illuminate/Http/Request))
#52 D:/Dokumen Sekolah 12/PKL/upj_tsm_k9/vendor/laravel/framework/src/Illuminate/Foundation/Http/Kernel.php(176): Illuminate/Pipeline/Pipeline->then(Object(Closure))
#53 D:/Dokumen Sekolah 12/PKL/upj_tsm_k9/vendor/laravel/framework/src/Illuminate/Foundation/Http/Kernel.php(145): Illuminate/Foundation/Http/Kernel->sendRequestThroughRouter(Object(Illuminate/Http/Request))
#54 D:/Dokumen Sekolah 12/PKL/upj_tsm_k9/vendor/laravel/framework/src/Illuminate/Foundation/Application.php(1220): Illuminate/Foundation/Http/Kernel->handle(Object(Illuminate/Http/Request))
#55 D:/Dokumen Sekolah 12/PKL/upj_tsm_k9/public/index.php(17): Illuminate/Foundation/Application->handleRequest(Object(Illuminate/Http/Request))
#56 D:/Dokumen Sekolah 12/PKL/upj_tsm_k9/vendor/laravel/framework/src/Illuminate/Foundation/resources/server.php(23): require_once('D://Dokumen Seko...')
#57 {main}
"} 
[2026-04-28 13:16:05] local.ERROR: The command ""C:\Program Files\nodejs\\node.EXE" "D:\Dokumen Sekolah 12\PKL\upj_tsm_k9\vendor\spatie\browsershot\src/../bin/browser.cjs" "{""url"":""file:\/\/C:\\Users\\ZAKI\\AppData\\Local\\Temp\\1728696859-0483440001777356965\\index.html"",""action"":""pdf"",""options"":{""args"":[""--no-sandbox"",""--disable-setuid-sandbox""],""viewport"":{""width"":800,""height"":600},""displayHeaderFooter"":false,""executablePath"":""C:\\Program Files\\Google\\Chrome\\Application\\chrome.exe"",""emulateMedia"":""screen"",""margin"":{""top"":""10mm"",""right"":""10mm"",""bottom"":""10mm"",""left"":""10mm""},""format"":""A4""}}"" failed.

Exit Code: 1(General error)

Working directory: D:\Dokumen Sekolah 12\PKL\upj_tsm_k9\public

Output:
================


Error Output:
================
node:internal/modules/cjs/loader:1401
  const err = new Error(message);
              ^

Error: Cannot find module 'puppeteer'
Require stack:
- D:\Dokumen Sekolah 12\PKL\upj_tsm_k9\vendor\spatie\browsershot\bin\browser.cjs
    at Function._resolveFilename (node:internal/modules/cjs/loader:1401:15)
    at defaultResolveImpl (node:internal/modules/cjs/loader:1057:19)
    at resolveForCJSWithHooks (node:internal/modules/cjs/loader:1062:22)
    at Function._load (node:internal/modules/cjs/loader:1211:37)
    at TracingChannel.traceSync (node:diagnostics_channel:322:14)
    at wrapModuleLoad (node:internal/modules/cjs/loader:235:24)
    at Module.require (node:internal/modules/cjs/loader:1487:12)
    at require (node:internal/modules/helpers:135:16)
    at callChrome (D:\Dokumen Sekolah 12\PKL\upj_tsm_k9\vendor\spatie\browsershot\bin\browser.cjs:75:28)
    at Object.<anonymous> (D:\Dokumen Sekolah 12\PKL\upj_tsm_k9\vendor\spatie\browsershot\bin\browser.cjs:470:5) {
  code: 'MODULE_NOT_FOUND',
  requireStack: [
    'D:\\Dokumen Sekolah 12\\PKL\\upj_tsm_k9\\vendor\\spatie\\browsershot\\bin\\browser.cjs'
  ]
}

Node.js v22.15.1
 {"userId":6,"exception":"[object] (Symfony\\Component\\Process\\Exception\\ProcessFailedException(code: 0): The command \"\"C:\\Program Files\\nodejs\\\\node.EXE\" \"D:\\Dokumen Sekolah 12\\PKL\\upj_tsm_k9\\vendor\\spatie\\browsershot\\src/../bin/browser.cjs\" \"{\"\"url\"\":\"\"file:\\/\\/C:\\\\Users\\\\ZAKI\\\\AppData\\\\Local\\\\Temp\\\\1728696859-0483440001777356965\\\\index.html\"\",\"\"action\"\":\"\"pdf\"\",\"\"options\"\":{\"\"args\"\":[\"\"--no-sandbox\"\",\"\"--disable-setuid-sandbox\"\"],\"\"viewport\"\":{\"\"width\"\":800,\"\"height\"\":600},\"\"displayHeaderFooter\"\":false,\"\"executablePath\"\":\"\"C:\\\\Program Files\\\\Google\\\\Chrome\\\\Application\\\\chrome.exe\"\",\"\"emulateMedia\"\":\"\"screen\"\",\"\"margin\"\":{\"\"top\"\":\"\"10mm\"\",\"\"right\"\":\"\"10mm\"\",\"\"bottom\"\":\"\"10mm\"\",\"\"left\"\":\"\"10mm\"\"},\"\"format\"\":\"\"A4\"\"}}\"\" failed.

Exit Code: 1(General error)

Working directory: D:\\Dokumen Sekolah 12\\PKL\\upj_tsm_k9\\public

Output:
================


Error Output:
================
node:internal/modules/cjs/loader:1401

  const err = new Error(message);

              ^



Error: Cannot find module 'puppeteer'

Require stack:

- D:\\Dokumen Sekolah 12\\PKL\\upj_tsm_k9\\vendor\\spatie\\browsershot\\bin\\browser.cjs

    at Function._resolveFilename (node:internal/modules/cjs/loader:1401:15)

    at defaultResolveImpl (node:internal/modules/cjs/loader:1057:19)

    at resolveForCJSWithHooks (node:internal/modules/cjs/loader:1062:22)

    at Function._load (node:internal/modules/cjs/loader:1211:37)

    at TracingChannel.traceSync (node:diagnostics_channel:322:14)

    at wrapModuleLoad (node:internal/modules/cjs/loader:235:24)

    at Module.require (node:internal/modules/cjs/loader:1487:12)

    at require (node:internal/modules/helpers:135:16)

    at callChrome (D:\\Dokumen Sekolah 12\\PKL\\upj_tsm_k9\\vendor\\spatie\\browsershot\\bin\\browser.cjs:75:28)

    at Object.<anonymous> (D:\\Dokumen Sekolah 12\\PKL\\upj_tsm_k9\\vendor\\spatie\\browsershot\\bin\\browser.cjs:470:5) {

  code: 'MODULE_NOT_FOUND',

  requireStack: [

    'D:\\\\Dokumen Sekolah 12\\\\PKL\\\\upj_tsm_k9\\\\vendor\\\\spatie\\\\browsershot\\\\bin\\\\browser.cjs'

  ]

}



Node.js v22.15.1

 at D:/Dokumen Sekolah 12/PKL/upj_tsm_k9/vendor/spatie/browsershot/src/Browsershot.php:1156)
[stacktrace]
#0 D:/Dokumen Sekolah 12/PKL/upj_tsm_k9/vendor/spatie/browsershot/src/Browsershot.php(740): Spatie/Browsershot/Browsershot->callBrowser(Array)
#1 D:/Dokumen Sekolah 12/PKL/upj_tsm_k9/app/Http/Controllers/KeuanganController.php(287): Spatie/Browsershot/Browsershot->pdf()
#2 D:/Dokumen Sekolah 12/PKL/upj_tsm_k9/vendor/laravel/framework/src/Illuminate/Routing/ControllerDispatcher.php(47): App/Http/Controllers/KeuanganController->cetak(Object(Illuminate/Http/Request))
#3 D:/Dokumen Sekolah 12/PKL/upj_tsm_k9/vendor/laravel/framework/src/Illuminate/Routing/Route.php(266): Illuminate/Routing/ControllerDispatcher->dispatch(Object(Illuminate/Routing/Route), Object(App/Http/Controllers/KeuanganController), 'cetak')
#4 D:/Dokumen Sekolah 12/PKL/upj_tsm_k9/vendor/laravel/framework/src/Illuminate/Routing/Route.php(212): Illuminate/Routing/Route->runController()
#5 D:/Dokumen Sekolah 12/PKL/upj_tsm_k9/vendor/laravel/framework/src/Illuminate/Routing/Router.php(808): Illuminate/Routing/Route->run()
#6 D:/Dokumen Sekolah 12/PKL/upj_tsm_k9/vendor/laravel/framework/src/Illuminate/Pipeline/Pipeline.php(170): Illuminate/Routing/Router->Illuminate/Routing/{closure}(Object(Illuminate/Http/Request))
#7 D:/Dokumen Sekolah 12/PKL/upj_tsm_k9/app/Http/Middleware/AdminOnly.php(18): Illuminate/Pipeline/Pipeline->Illuminate/Pipeline/{closure}(Object(Illuminate/Http/Request))
#8 D:/Dokumen Sekolah 12/PKL/upj_tsm_k9/vendor/laravel/framework/src/Illuminate/Pipeline/Pipeline.php(209): App/Http/Middleware/AdminOnly->handle(Object(Illuminate/Http/Request), Object(Closure))
#9 D:/Dokumen Sekolah 12/PKL/upj_tsm_k9/app/Http/Middleware/SecurityHeaders.php(13): Illuminate/Pipeline/Pipeline->Illuminate/Pipeline/{closure}(Object(Illuminate/Http/Request))
#10 D:/Dokumen Sekolah 12/PKL/upj_tsm_k9/vendor/laravel/framework/src/Illuminate/Pipeline/Pipeline.php(209): App/Http/Middleware/SecurityHeaders->handle(Object(Illuminate/Http/Request), Object(Closure))
#11 D:/Dokumen Sekolah 12/PKL/upj_tsm_k9/vendor/laravel/framework/src/Illuminate/Routing/Middleware/SubstituteBindings.php(51): Illuminate/Pipeline/Pipeline->Illuminate/Pipeline/{closure}(Object(Illuminate/Http/Request))
#12 D:/Dokumen Sekolah 12/PKL/upj_tsm_k9/vendor/laravel/framework/src/Illuminate/Pipeline/Pipeline.php(209): Illuminate/Routing/Middleware/SubstituteBindings->handle(Object(Illuminate/Http/Request), Object(Closure))
#13 D:/Dokumen Sekolah 12/PKL/upj_tsm_k9/vendor/laravel/framework/src/Illuminate/Auth/Middleware/Authenticate.php(64): Illuminate/Pipeline/Pipeline->Illuminate/Pipeline/{closure}(Object(Illuminate/Http/Request))
#14 D:/Dokumen Sekolah 12/PKL/upj_tsm_k9/vendor/laravel/framework/src/Illuminate/Pipeline/Pipeline.php(209): Illuminate/Auth/Middleware/Authenticate->handle(Object(Illuminate/Http/Request), Object(Closure))
#15 D:/Dokumen Sekolah 12/PKL/upj_tsm_k9/vendor/laravel/framework/src/Illuminate/Foundation/Http/Middleware/VerifyCsrfToken.php(88): Illuminate/Pipeline/Pipeline->Illuminate/Pipeline/{closure}(Object(Illuminate/Http/Request))
#16 D:/Dokumen Sekolah 12/PKL/upj_tsm_k9/vendor/laravel/framework/src/Illuminate/Pipeline/Pipeline.php(209): Illuminate/Foundation/Http/Middleware/VerifyCsrfToken->handle(Object(Illuminate/Http/Request), Object(Closure))
#17 D:/Dokumen Sekolah 12/PKL/upj_tsm_k9/vendor/laravel/framework/src/Illuminate/View/Middleware/ShareErrorsFromSession.php(49): Illuminate/Pipeline/Pipeline->Illuminate/Pipeline/{closure}(Object(Illuminate/Http/Request))
#18 D:/Dokumen Sekolah 12/PKL/upj_tsm_k9/vendor/laravel/framework/src/Illuminate/Pipeline/Pipeline.php(209): Illuminate/View/Middleware/ShareErrorsFromSession->handle(Object(Illuminate/Http/Request), Object(Closure))
#19 D:/Dokumen Sekolah 12/PKL/upj_tsm_k9/vendor/laravel/framework/src/Illuminate/Session/Middleware/StartSession.php(121): Illuminate/Pipeline/Pipeline->Illuminate/Pipeline/{closure}(Object(Illuminate/Http/Request))
#20 D:/Dokumen Sekolah 12/PKL/upj_tsm_k9/vendor/laravel/framework/src/Illuminate/Session/Middleware/StartSession.php(64): Illuminate/Session/Middleware/StartSession->handleStatefulRequest(Object(Illuminate/Http/Request), Object(Illuminate/Session/Store), Object(Closure))
#21 D:/Dokumen Sekolah 12/PKL/upj_tsm_k9/vendor/laravel/framework/src/Illuminate/Pipeline/Pipeline.php(209): Illuminate/Session/Middleware/StartSession->handle(Object(Illuminate/Http/Request), Object(Closure))
#22 D:/Dokumen Sekolah 12/PKL/upj_tsm_k9/vendor/laravel/framework/src/Illuminate/Cookie/Middleware/AddQueuedCookiesToResponse.php(37): Illuminate/Pipeline/Pipeline->Illuminate/Pipeline/{closure}(Object(Illuminate/Http/Request))
#23 D:/Dokumen Sekolah 12/PKL/upj_tsm_k9/vendor/laravel/framework/src/Illuminate/Pipeline/Pipeline.php(209): Illuminate/Cookie/Middleware/AddQueuedCookiesToResponse->handle(Object(Illuminate/Http/Request), Object(Closure))
#24 D:/Dokumen Sekolah 12/PKL/upj_tsm_k9/vendor/laravel/framework/src/Illuminate/Cookie/Middleware/EncryptCookies.php(75): Illuminate/Pipeline/Pipeline->Illuminate/Pipeline/{closure}(Object(Illuminate/Http/Request))
#25 D:/Dokumen Sekolah 12/PKL/upj_tsm_k9/vendor/laravel/framework/src/Illuminate/Pipeline/Pipeline.php(209): Illuminate/Cookie/Middleware/EncryptCookies->handle(Object(Illuminate/Http/Request), Object(Closure))
#26 D:/Dokumen Sekolah 12/PKL/upj_tsm_k9/vendor/laravel/framework/src/Illuminate/Pipeline/Pipeline.php(127): Illuminate/Pipeline/Pipeline->Illuminate/Pipeline/{closure}(Object(Illuminate/Http/Request))
#27 D:/Dokumen Sekolah 12/PKL/upj_tsm_k9/vendor/laravel/framework/src/Illuminate/Routing/Router.php(807): Illuminate/Pipeline/Pipeline->then(Object(Closure))
#28 D:/Dokumen Sekolah 12/PKL/upj_tsm_k9/vendor/laravel/framework/src/Illuminate/Routing/Router.php(786): Illuminate/Routing/Router->runRouteWithinStack(Object(Illuminate/Routing/Route), Object(Illuminate/Http/Request))
#29 D:/Dokumen Sekolah 12/PKL/upj_tsm_k9/vendor/laravel/framework/src/Illuminate/Routing/Router.php(750): Illuminate/Routing/Router->runRoute(Object(Illuminate/Http/Request), Object(Illuminate/Routing/Route))
#30 D:/Dokumen Sekolah 12/PKL/upj_tsm_k9/vendor/laravel/framework/src/Illuminate/Routing/Router.php(739): Illuminate/Routing/Router->dispatchToRoute(Object(Illuminate/Http/Request))
#31 D:/Dokumen Sekolah 12/PKL/upj_tsm_k9/vendor/laravel/framework/src/Illuminate/Foundation/Http/Kernel.php(201): Illuminate/Routing/Router->dispatch(Object(Illuminate/Http/Request))
#32 D:/Dokumen Sekolah 12/PKL/upj_tsm_k9/vendor/laravel/framework/src/Illuminate/Pipeline/Pipeline.php(170): Illuminate/Foundation/Http/Kernel->Illuminate/Foundation/Http/{closure}(Object(Illuminate/Http/Request))
#33 D:/Dokumen Sekolah 12/PKL/upj_tsm_k9/vendor/livewire/livewire/src/Features/SupportDisablingBackButtonCache/DisableBackButtonCacheMiddleware.php(19): Illuminate/Pipeline/Pipeline->Illuminate/Pipeline/{closure}(Object(Illuminate/Http/Request))
#34 D:/Dokumen Sekolah 12/PKL/upj_tsm_k9/vendor/laravel/framework/src/Illuminate/Pipeline/Pipeline.php(209): Livewire/Features/SupportDisablingBackButtonCache/DisableBackButtonCacheMiddleware->handle(Object(Illuminate/Http/Request), Object(Closure))
#35 D:/Dokumen Sekolah 12/PKL/upj_tsm_k9/vendor/laravel/framework/src/Illuminate/Foundation/Http/Middleware/TransformsRequest.php(21): Illuminate/Pipeline/Pipeline->Illuminate/Pipeline/{closure}(Object(Illuminate/Http/Request))
#36 D:/Dokumen Sekolah 12/PKL/upj_tsm_k9/vendor/laravel/framework/src/Illuminate/Foundation/Http/Middleware/ConvertEmptyStringsToNull.php(31): Illuminate/Foundation/Http/Middleware/TransformsRequest->handle(Object(Illuminate/Http/Request), Object(Closure))
#37 D:/Dokumen Sekolah 12/PKL/upj_tsm_k9/vendor/laravel/framework/src/Illuminate/Pipeline/Pipeline.php(209): Illuminate/Foundation/Http/Middleware/ConvertEmptyStringsToNull->handle(Object(Illuminate/Http/Request), Object(Closure))
#38 D:/Dokumen Sekolah 12/PKL/upj_tsm_k9/vendor/laravel/framework/src/Illuminate/Foundation/Http/Middleware/TransformsRequest.php(21): Illuminate/Pipeline/Pipeline->Illuminate/Pipeline/{closure}(Object(Illuminate/Http/Request))
#39 D:/Dokumen Sekolah 12/PKL/upj_tsm_k9/vendor/laravel/framework/src/Illuminate/Foundation/Http/Middleware/TrimStrings.php(51): Illuminate/Foundation/Http/Middleware/TransformsRequest->handle(Object(Illuminate/Http/Request), Object(Closure))
#40 D:/Dokumen Sekolah 12/PKL/upj_tsm_k9/vendor/laravel/framework/src/Illuminate/Pipeline/Pipeline.php(209): Illuminate/Foundation/Http/Middleware/TrimStrings->handle(Object(Illuminate/Http/Request), Object(Closure))
#41 D:/Dokumen Sekolah 12/PKL/upj_tsm_k9/vendor/laravel/framework/src/Illuminate/Http/Middleware/ValidatePostSize.php(27): Illuminate/Pipeline/Pipeline->Illuminate/Pipeline/{closure}(Object(Illuminate/Http/Request))
#42 D:/Dokumen Sekolah 12/PKL/upj_tsm_k9/vendor/laravel/framework/src/Illuminate/Pipeline/Pipeline.php(209): Illuminate/Http/Middleware/ValidatePostSize->handle(Object(Illuminate/Http/Request), Object(Closure))
#43 D:/Dokumen Sekolah 12/PKL/upj_tsm_k9/vendor/laravel/framework/src/Illuminate/Foundation/Http/Middleware/PreventRequestsDuringMaintenance.php(110): Illuminate/Pipeline/Pipeline->Illuminate/Pipeline/{closure}(Object(Illuminate/Http/Request))
#44 D:/Dokumen Sekolah 12/PKL/upj_tsm_k9/vendor/laravel/framework/src/Illuminate/Pipeline/Pipeline.php(209): Illuminate/Foundation/Http/Middleware/PreventRequestsDuringMaintenance->handle(Object(Illuminate/Http/Request), Object(Closure))
#45 D:/Dokumen Sekolah 12/PKL/upj_tsm_k9/vendor/laravel/framework/src/Illuminate/Http/Middleware/HandleCors.php(49): Illuminate/Pipeline/Pipeline->Illuminate/Pipeline/{closure}(Object(Illuminate/Http/Request))
#46 D:/Dokumen Sekolah 12/PKL/upj_tsm_k9/vendor/laravel/framework/src/Illuminate/Pipeline/Pipeline.php(209): Illuminate/Http/Middleware/HandleCors->handle(Object(Illuminate/Http/Request), Object(Closure))
#47 D:/Dokumen Sekolah 12/PKL/upj_tsm_k9/vendor/laravel/framework/src/Illuminate/Http/Middleware/TrustProxies.php(58): Illuminate/Pipeline/Pipeline->Illuminate/Pipeline/{closure}(Object(Illuminate/Http/Request))
#48 D:/Dokumen Sekolah 12/PKL/upj_tsm_k9/vendor/laravel/framework/src/Illuminate/Pipeline/Pipeline.php(209): Illuminate/Http/Middleware/TrustProxies->handle(Object(Illuminate/Http/Request), Object(Closure))
#49 D:/Dokumen Sekolah 12/PKL/upj_tsm_k9/vendor/laravel/framework/src/Illuminate/Foundation/Http/Middleware/InvokeDeferredCallbacks.php(22): Illuminate/Pipeline/Pipeline->Illuminate/Pipeline/{closure}(Object(Illuminate/Http/Request))
#50 D:/Dokumen Sekolah 12/PKL/upj_tsm_k9/vendor/laravel/framework/src/Illuminate/Pipeline/Pipeline.php(209): Illuminate/Foundation/Http/Middleware/InvokeDeferredCallbacks->handle(Object(Illuminate/Http/Request), Object(Closure))
#51 D:/Dokumen Sekolah 12/PKL/upj_tsm_k9/vendor/laravel/framework/src/Illuminate/Pipeline/Pipeline.php(127): Illuminate/Pipeline/Pipeline->Illuminate/Pipeline/{closure}(Object(Illuminate/Http/Request))
#52 D:/Dokumen Sekolah 12/PKL/upj_tsm_k9/vendor/laravel/framework/src/Illuminate/Foundation/Http/Kernel.php(176): Illuminate/Pipeline/Pipeline->then(Object(Closure))
#53 D:/Dokumen Sekolah 12/PKL/upj_tsm_k9/vendor/laravel/framework/src/Illuminate/Foundation/Http/Kernel.php(145): Illuminate/Foundation/Http/Kernel->sendRequestThroughRouter(Object(Illuminate/Http/Request))
#54 D:/Dokumen Sekolah 12/PKL/upj_tsm_k9/vendor/laravel/framework/src/Illuminate/Foundation/Application.php(1220): Illuminate/Foundation/Http/Kernel->handle(Object(Illuminate/Http/Request))
#55 D:/Dokumen Sekolah 12/PKL/upj_tsm_k9/public/index.php(17): Illuminate/Foundation/Application->handleRequest(Object(Illuminate/Http/Request))
#56 D:/Dokumen Sekolah 12/PKL/upj_tsm_k9/vendor/laravel/framework/src/Illuminate/Foundation/resources/server.php(23): require_once('D://Dokumen Seko...')
#57 {main}
"} 
[2026-04-11 13:37:55] local.ERROR: There are no commands defined in the "clear" namespace. {"exception":"[object] (Symfony\\Component\\Console\\Exception\\NamespaceNotFoundException(code: 0): There are no commands defined in the \"clear\" namespace. at D:/Dokumen Sekolah 12/PKL/upj_tsm_k9/vendor/symfony/console/Application.php:694)
[stacktrace]
#0 D:/Dokumen Sekolah 12/PKL/upj_tsm_k9/vendor/symfony/console/Application.php(743): Symfony/Component/Console/Application->findNamespace('clear')
#1 D:/Dokumen Sekolah 12/PKL/upj_tsm_k9/vendor/symfony/console/Application.php(298): Symfony/Component/Console/Application->find('clear:cache')
#2 D:/Dokumen Sekolah 12/PKL/upj_tsm_k9/vendor/symfony/console/Application.php(195): Symfony/Component/Console/Application->doRun(Object(Symfony/Component/Console/Input/ArgvInput), Object(Symfony/Component/Console/Output/ConsoleOutput))
#3 D:/Dokumen Sekolah 12/PKL/upj_tsm_k9/vendor/laravel/framework/src/Illuminate/Foundation/Console/Kernel.php(198): Symfony/Component/Console/Application->run(Object(Symfony/Component/Console/Input/ArgvInput), Object(Symfony/Component/Console/Output/ConsoleOutput))
#4 D:/Dokumen Sekolah 12/PKL/upj_tsm_k9/vendor/laravel/framework/src/Illuminate/Foundation/Application.php(1235): Illuminate/Foundation/Console/Kernel->handle(Object(Symfony/Component/Console/Input/ArgvInput), Object(Symfony/Component/Console/Output/ConsoleOutput))
#5 D:/Dokumen Sekolah 12/PKL/upj_tsm_k9/artisan(13): Illuminate/Foundation/Application->handleCommand(Object(Symfony/Component/Console/Input/ArgvInput))
#6 {main}
"} 
[2026-04-11 13:38:05] local.ERROR: There are no commands defined in the "chace" namespace. {"exception":"[object] (Symfony\\Component\\Console\\Exception\\NamespaceNotFoundException(code: 0): There are no commands defined in the \"chace\" namespace. at D:/Dokumen Sekolah 12/PKL/upj_tsm_k9/vendor/symfony/console/Application.php:694)
[stacktrace]
#0 D:/Dokumen Sekolah 12/PKL/upj_tsm_k9/vendor/symfony/console/Application.php(743): Symfony/Component/Console/Application->findNamespace('chace')
#1 D:/Dokumen Sekolah 12/PKL/upj_tsm_k9/vendor/symfony/console/Application.php(298): Symfony/Component/Console/Application->find('chace:clear')
#2 D:/Dokumen Sekolah 12/PKL/upj_tsm_k9/vendor/symfony/console/Application.php(195): Symfony/Component/Console/Application->doRun(Object(Symfony/Component/Console/Input/ArgvInput), Object(Symfony/Component/Console/Output/ConsoleOutput))
#3 D:/Dokumen Sekolah 12/PKL/upj_tsm_k9/vendor/laravel/framework/src/Illuminate/Foundation/Console/Kernel.php(198): Symfony/Component/Console/Application->run(Object(Symfony/Component/Console/Input/ArgvInput), Object(Symfony/Component/Console/Output/ConsoleOutput))
#4 D:/Dokumen Sekolah 12/PKL/upj_tsm_k9/vendor/laravel/framework/src/Illuminate/Foundation/Application.php(1235): Illuminate/Foundation/Console/Kernel->handle(Object(Symfony/Component/Console/Input/ArgvInput), Object(Symfony/Component/Console/Output/ConsoleOutput))
#5 D:/Dokumen Sekolah 12/PKL/upj_tsm_k9/artisan(13): Illuminate/Foundation/Application->handleCommand(Object(Symfony/Component/Console/Input/ArgvInput))
#6 {main}
"} 
[2026-04-11 13:38:18] local.ERROR: Command "optimise" is not defined.

Did you mean one of these?
    optimize
    optimize:clear {"exception":"[object] (Symfony\\Component\\Console\\Exception\\CommandNotFoundException(code: 0): Command \"optimise\" is not defined.

Did you mean one of these?
    optimize
    optimize:clear at D:/Dokumen Sekolah 12/PKL/upj_tsm_k9/vendor/symfony/console/Application.php:759)
[stacktrace]
#0 D:/Dokumen Sekolah 12/PKL/upj_tsm_k9/vendor/symfony/console/Application.php(298): Symfony/Component/Console/Application->find('optimise')
#1 D:/Dokumen Sekolah 12/PKL/upj_tsm_k9/vendor/symfony/console/Application.php(195): Symfony/Component/Console/Application->doRun(Object(Symfony/Component/Console/Input/ArgvInput), Object(Symfony/Component/Console/Output/ConsoleOutput))
#2 D:/Dokumen Sekolah 12/PKL/upj_tsm_k9/vendor/laravel/framework/src/Illuminate/Foundation/Console/Kernel.php(198): Symfony/Component/Console/Application->run(Object(Symfony/Component/Console/Input/ArgvInput), Object(Symfony/Component/Console/Output/ConsoleOutput))
#3 D:/Dokumen Sekolah 12/PKL/upj_tsm_k9/vendor/laravel/framework/src/Illuminate/Foundation/Application.php(1235): Illuminate/Foundation/Console/Kernel->handle(Object(Symfony/Component/Console/Input/ArgvInput), Object(Symfony/Component/Console/Output/ConsoleOutput))
#4 D:/Dokumen Sekolah 12/PKL/upj_tsm_k9/artisan(13): Illuminate/Foundation/Application->handleCommand(Object(Symfony/Component/Console/Input/ArgvInput))
#5 {main}
"} 
[2026-04-28 14:00:12] local.ERROR: The command ""C:\Program Files\nodejs\\node.EXE" "D:\Dokumen Sekolah 12\PKL\upj_tsm_k9\vendor\spatie\browsershot\src/../bin/browser.cjs" "{""url"":""file:\/\/C:\\Users\\ZAKI\\AppData\\Local\\Temp\\851970845-0248749001777359581\\index.html"",""action"":""pdf"",""options"":{""args"":[],""viewport"":{""width"":800,""height"":600},""displayHeaderFooter"":false,""format"":""A4"",""printBackground"":true}}"" failed.

Exit Code: 1(General error)

Working directory: D:\Dokumen Sekolah 12\PKL\upj_tsm_k9\public

Output:
================


Error Output:
================
TimeoutError: Navigation timeout of 30000 ms exceeded
    at new Deferred (D:\Dokumen Sekolah 12\PKL\upj_tsm_k9\node_modules\puppeteer-core\lib\cjs\puppeteer\util\Deferred.js:60:34)
    at Deferred.create (D:\Dokumen Sekolah 12\PKL\upj_tsm_k9\node_modules\puppeteer-core\lib\cjs\puppeteer\util\Deferred.js:21:16)
    at new LifecycleWatcher (D:\Dokumen Sekolah 12\PKL\upj_tsm_k9\node_modules\puppeteer-core\lib\cjs\puppeteer\cdp\LifecycleWatcher.js:73:60)
    at CdpFrame.goto (D:\Dokumen Sekolah 12\PKL\upj_tsm_k9\node_modules\puppeteer-core\lib\cjs\puppeteer\cdp\Frame.js:151:29)
    at CdpFrame.<anonymous> (D:\Dokumen Sekolah 12\PKL\upj_tsm_k9\node_modules\puppeteer-core\lib\cjs\puppeteer\util\decorators.js:109:27)
    at CdpPage.goto (D:\Dokumen Sekolah 12\PKL\upj_tsm_k9\node_modules\puppeteer-core\lib\cjs\puppeteer\api\Page.js:580:43)
    at callChrome (D:\Dokumen Sekolah 12\PKL\upj_tsm_k9\vendor\spatie\browsershot\bin\browser.cjs:307:37)
 {"userId":6,"exception":"[object] (Symfony\\Component\\Process\\Exception\\ProcessFailedException(code: 0): The command \"\"C:\\Program Files\\nodejs\\\\node.EXE\" \"D:\\Dokumen Sekolah 12\\PKL\\upj_tsm_k9\\vendor\\spatie\\browsershot\\src/../bin/browser.cjs\" \"{\"\"url\"\":\"\"file:\\/\\/C:\\\\Users\\\\ZAKI\\\\AppData\\\\Local\\\\Temp\\\\851970845-0248749001777359581\\\\index.html\"\",\"\"action\"\":\"\"pdf\"\",\"\"options\"\":{\"\"args\"\":[],\"\"viewport\"\":{\"\"width\"\":800,\"\"height\"\":600},\"\"displayHeaderFooter\"\":false,\"\"format\"\":\"\"A4\"\",\"\"printBackground\"\":true}}\"\" failed.

Exit Code: 1(General error)

Working directory: D:\\Dokumen Sekolah 12\\PKL\\upj_tsm_k9\\public

Output:
================


Error Output:
================
TimeoutError: Navigation timeout of 30000 ms exceeded
    at new Deferred (D:\\Dokumen Sekolah 12\\PKL\\upj_tsm_k9\\node_modules\\puppeteer-core\\lib\\cjs\\puppeteer\\util\\Deferred.js:60:34)
    at Deferred.create (D:\\Dokumen Sekolah 12\\PKL\\upj_tsm_k9\\node_modules\\puppeteer-core\\lib\\cjs\\puppeteer\\util\\Deferred.js:21:16)
    at new LifecycleWatcher (D:\\Dokumen Sekolah 12\\PKL\\upj_tsm_k9\\node_modules\\puppeteer-core\\lib\\cjs\\puppeteer\\cdp\\LifecycleWatcher.js:73:60)
    at CdpFrame.goto (D:\\Dokumen Sekolah 12\\PKL\\upj_tsm_k9\\node_modules\\puppeteer-core\\lib\\cjs\\puppeteer\\cdp\\Frame.js:151:29)
    at CdpFrame.<anonymous> (D:\\Dokumen Sekolah 12\\PKL\\upj_tsm_k9\\node_modules\\puppeteer-core\\lib\\cjs\\puppeteer\\util\\decorators.js:109:27)
    at CdpPage.goto (D:\\Dokumen Sekolah 12\\PKL\\upj_tsm_k9\\node_modules\\puppeteer-core\\lib\\cjs\\puppeteer\\api\\Page.js:580:43)
    at callChrome (D:\\Dokumen Sekolah 12\\PKL\\upj_tsm_k9\\vendor\\spatie\\browsershot\\bin\\browser.cjs:307:37)
 at D:/Dokumen Sekolah 12/PKL/upj_tsm_k9/vendor/spatie/browsershot/src/Browsershot.php:1156)
[stacktrace]
#0 D:/Dokumen Sekolah 12/PKL/upj_tsm_k9/vendor/spatie/browsershot/src/Browsershot.php(740): Spatie/Browsershot/Browsershot->callBrowser(Array)
#1 D:/Dokumen Sekolah 12/PKL/upj_tsm_k9/app/Http/Controllers/CetakController.php(33): Spatie/Browsershot/Browsershot->pdf()
#2 D:/Dokumen Sekolah 12/PKL/upj_tsm_k9/vendor/laravel/framework/src/Illuminate/Routing/ControllerDispatcher.php(47): App/Http/Controllers/CetakController->print('1')
#3 D:/Dokumen Sekolah 12/PKL/upj_tsm_k9/vendor/laravel/framework/src/Illuminate/Routing/Route.php(266): Illuminate/Routing/ControllerDispatcher->dispatch(Object(Illuminate/Routing/Route), Object(App/Http/Controllers/CetakController), 'print')
#4 D:/Dokumen Sekolah 12/PKL/upj_tsm_k9/vendor/laravel/framework/src/Illuminate/Routing/Route.php(212): Illuminate/Routing/Route->runController()
#5 D:/Dokumen Sekolah 12/PKL/upj_tsm_k9/vendor/laravel/framework/src/Illuminate/Routing/Router.php(808): Illuminate/Routing/Route->run()
#6 D:/Dokumen Sekolah 12/PKL/upj_tsm_k9/vendor/laravel/framework/src/Illuminate/Pipeline/Pipeline.php(170): Illuminate/Routing/Router->Illuminate/Routing/{closure}(Object(Illuminate/Http/Request))
#7 D:/Dokumen Sekolah 12/PKL/upj_tsm_k9/app/Http/Middleware/SecurityHeaders.php(13): Illuminate/Pipeline/Pipeline->Illuminate/Pipeline/{closure}(Object(Illuminate/Http/Request))
#8 D:/Dokumen Sekolah 12/PKL/upj_tsm_k9/vendor/laravel/framework/src/Illuminate/Pipeline/Pipeline.php(209): App/Http/Middleware/SecurityHeaders->handle(Object(Illuminate/Http/Request), Object(Closure))
#9 D:/Dokumen Sekolah 12/PKL/upj_tsm_k9/vendor/laravel/framework/src/Illuminate/Routing/Middleware/SubstituteBindings.php(51): Illuminate/Pipeline/Pipeline->Illuminate/Pipeline/{closure}(Object(Illuminate/Http/Request))
#10 D:/Dokumen Sekolah 12/PKL/upj_tsm_k9/vendor/laravel/framework/src/Illuminate/Pipeline/Pipeline.php(209): Illuminate/Routing/Middleware/SubstituteBindings->handle(Object(Illuminate/Http/Request), Object(Closure))
#11 D:/Dokumen Sekolah 12/PKL/upj_tsm_k9/vendor/laravel/framework/src/Illuminate/Auth/Middleware/Authenticate.php(64): Illuminate/Pipeline/Pipeline->Illuminate/Pipeline/{closure}(Object(Illuminate/Http/Request))
#12 D:/Dokumen Sekolah 12/PKL/upj_tsm_k9/vendor/laravel/framework/src/Illuminate/Pipeline/Pipeline.php(209): Illuminate/Auth/Middleware/Authenticate->handle(Object(Illuminate/Http/Request), Object(Closure))
#13 D:/Dokumen Sekolah 12/PKL/upj_tsm_k9/vendor/laravel/framework/src/Illuminate/Foundation/Http/Middleware/VerifyCsrfToken.php(88): Illuminate/Pipeline/Pipeline->Illuminate/Pipeline/{closure}(Object(Illuminate/Http/Request))
#14 D:/Dokumen Sekolah 12/PKL/upj_tsm_k9/vendor/laravel/framework/src/Illuminate/Pipeline/Pipeline.php(209): Illuminate/Foundation/Http/Middleware/VerifyCsrfToken->handle(Object(Illuminate/Http/Request), Object(Closure))
#15 D:/Dokumen Sekolah 12/PKL/upj_tsm_k9/vendor/laravel/framework/src/Illuminate/View/Middleware/ShareErrorsFromSession.php(49): Illuminate/Pipeline/Pipeline->Illuminate/Pipeline/{closure}(Object(Illuminate/Http/Request))
#16 D:/Dokumen Sekolah 12/PKL/upj_tsm_k9/vendor/laravel/framework/src/Illuminate/Pipeline/Pipeline.php(209): Illuminate/View/Middleware/ShareErrorsFromSession->handle(Object(Illuminate/Http/Request), Object(Closure))
#17 D:/Dokumen Sekolah 12/PKL/upj_tsm_k9/vendor/laravel/framework/src/Illuminate/Session/Middleware/StartSession.php(121): Illuminate/Pipeline/Pipeline->Illuminate/Pipeline/{closure}(Object(Illuminate/Http/Request))
#18 D:/Dokumen Sekolah 12/PKL/upj_tsm_k9/vendor/laravel/framework/src/Illuminate/Session/Middleware/StartSession.php(64): Illuminate/Session/Middleware/StartSession->handleStatefulRequest(Object(Illuminate/Http/Request), Object(Illuminate/Session/Store), Object(Closure))
#19 D:/Dokumen Sekolah 12/PKL/upj_tsm_k9/vendor/laravel/framework/src/Illuminate/Pipeline/Pipeline.php(209): Illuminate/Session/Middleware/StartSession->handle(Object(Illuminate/Http/Request), Object(Closure))
#20 D:/Dokumen Sekolah 12/PKL/upj_tsm_k9/vendor/laravel/framework/src/Illuminate/Cookie/Middleware/AddQueuedCookiesToResponse.php(37): Illuminate/Pipeline/Pipeline->Illuminate/Pipeline/{closure}(Object(Illuminate/Http/Request))
#21 D:/Dokumen Sekolah 12/PKL/upj_tsm_k9/vendor/laravel/framework/src/Illuminate/Pipeline/Pipeline.php(209): Illuminate/Cookie/Middleware/AddQueuedCookiesToResponse->handle(Object(Illuminate/Http/Request), Object(Closure))
#22 D:/Dokumen Sekolah 12/PKL/upj_tsm_k9/vendor/laravel/framework/src/Illuminate/Cookie/Middleware/EncryptCookies.php(75): Illuminate/Pipeline/Pipeline->Illuminate/Pipeline/{closure}(Object(Illuminate/Http/Request))
#23 D:/Dokumen Sekolah 12/PKL/upj_tsm_k9/vendor/laravel/framework/src/Illuminate/Pipeline/Pipeline.php(209): Illuminate/Cookie/Middleware/EncryptCookies->handle(Object(Illuminate/Http/Request), Object(Closure))
#24 D:/Dokumen Sekolah 12/PKL/upj_tsm_k9/vendor/laravel/framework/src/Illuminate/Pipeline/Pipeline.php(127): Illuminate/Pipeline/Pipeline->Illuminate/Pipeline/{closure}(Object(Illuminate/Http/Request))
#25 D:/Dokumen Sekolah 12/PKL/upj_tsm_k9/vendor/laravel/framework/src/Illuminate/Routing/Router.php(807): Illuminate/Pipeline/Pipeline->then(Object(Closure))
#26 D:/Dokumen Sekolah 12/PKL/upj_tsm_k9/vendor/laravel/framework/src/Illuminate/Routing/Router.php(786): Illuminate/Routing/Router->runRouteWithinStack(Object(Illuminate/Routing/Route), Object(Illuminate/Http/Request))
#27 D:/Dokumen Sekolah 12/PKL/upj_tsm_k9/vendor/laravel/framework/src/Illuminate/Routing/Router.php(750): Illuminate/Routing/Router->runRoute(Object(Illuminate/Http/Request), Object(Illuminate/Routing/Route))
#28 D:/Dokumen Sekolah 12/PKL/upj_tsm_k9/vendor/laravel/framework/src/Illuminate/Routing/Router.php(739): Illuminate/Routing/Router->dispatchToRoute(Object(Illuminate/Http/Request))
#29 D:/Dokumen Sekolah 12/PKL/upj_tsm_k9/vendor/laravel/framework/src/Illuminate/Foundation/Http/Kernel.php(201): Illuminate/Routing/Router->dispatch(Object(Illuminate/Http/Request))
#30 D:/Dokumen Sekolah 12/PKL/upj_tsm_k9/vendor/laravel/framework/src/Illuminate/Pipeline/Pipeline.php(170): Illuminate/Foundation/Http/Kernel->Illuminate/Foundation/Http/{closure}(Object(Illuminate/Http/Request))
#31 D:/Dokumen Sekolah 12/PKL/upj_tsm_k9/vendor/livewire/livewire/src/Features/SupportDisablingBackButtonCache/DisableBackButtonCacheMiddleware.php(19): Illuminate/Pipeline/Pipeline->Illuminate/Pipeline/{closure}(Object(Illuminate/Http/Request))
#32 D:/Dokumen Sekolah 12/PKL/upj_tsm_k9/vendor/laravel/framework/src/Illuminate/Pipeline/Pipeline.php(209): Livewire/Features/SupportDisablingBackButtonCache/DisableBackButtonCacheMiddleware->handle(Object(Illuminate/Http/Request), Object(Closure))
#33 D:/Dokumen Sekolah 12/PKL/upj_tsm_k9/vendor/laravel/framework/src/Illuminate/Foundation/Http/Middleware/TransformsRequest.php(21): Illuminate/Pipeline/Pipeline->Illuminate/Pipeline/{closure}(Object(Illuminate/Http/Request))
#34 D:/Dokumen Sekolah 12/PKL/upj_tsm_k9/vendor/laravel/framework/src/Illuminate/Foundation/Http/Middleware/ConvertEmptyStringsToNull.php(31): Illuminate/Foundation/Http/Middleware/TransformsRequest->handle(Object(Illuminate/Http/Request), Object(Closure))
#35 D:/Dokumen Sekolah 12/PKL/upj_tsm_k9/vendor/laravel/framework/src/Illuminate/Pipeline/Pipeline.php(209): Illuminate/Foundation/Http/Middleware/ConvertEmptyStringsToNull->handle(Object(Illuminate/Http/Request), Object(Closure))
#36 D:/Dokumen Sekolah 12/PKL/upj_tsm_k9/vendor/laravel/framework/src/Illuminate/Foundation/Http/Middleware/TransformsRequest.php(21): Illuminate/Pipeline/Pipeline->Illuminate/Pipeline/{closure}(Object(Illuminate/Http/Request))
#37 D:/Dokumen Sekolah 12/PKL/upj_tsm_k9/vendor/laravel/framework/src/Illuminate/Foundation/Http/Middleware/TrimStrings.php(51): Illuminate/Foundation/Http/Middleware/TransformsRequest->handle(Object(Illuminate/Http/Request), Object(Closure))
#38 D:/Dokumen Sekolah 12/PKL/upj_tsm_k9/vendor/laravel/framework/src/Illuminate/Pipeline/Pipeline.php(209): Illuminate/Foundation/Http/Middleware/TrimStrings->handle(Object(Illuminate/Http/Request), Object(Closure))
#39 D:/Dokumen Sekolah 12/PKL/upj_tsm_k9/vendor/laravel/framework/src/Illuminate/Http/Middleware/ValidatePostSize.php(27): Illuminate/Pipeline/Pipeline->Illuminate/Pipeline/{closure}(Object(Illuminate/Http/Request))
#40 D:/Dokumen Sekolah 12/PKL/upj_tsm_k9/vendor/laravel/framework/src/Illuminate/Pipeline/Pipeline.php(209): Illuminate/Http/Middleware/ValidatePostSize->handle(Object(Illuminate/Http/Request), Object(Closure))
#41 D:/Dokumen Sekolah 12/PKL/upj_tsm_k9/vendor/laravel/framework/src/Illuminate/Foundation/Http/Middleware/PreventRequestsDuringMaintenance.php(110): Illuminate/Pipeline/Pipeline->Illuminate/Pipeline/{closure}(Object(Illuminate/Http/Request))
#42 D:/Dokumen Sekolah 12/PKL/upj_tsm_k9/vendor/laravel/framework/src/Illuminate/Pipeline/Pipeline.php(209): Illuminate/Foundation/Http/Middleware/PreventRequestsDuringMaintenance->handle(Object(Illuminate/Http/Request), Object(Closure))
#43 D:/Dokumen Sekolah 12/PKL/upj_tsm_k9/vendor/laravel/framework/src/Illuminate/Http/Middleware/HandleCors.php(49): Illuminate/Pipeline/Pipeline->Illuminate/Pipeline/{closure}(Object(Illuminate/Http/Request))
#44 D:/Dokumen Sekolah 12/PKL/upj_tsm_k9/vendor/laravel/framework/src/Illuminate/Pipeline/Pipeline.php(209): Illuminate/Http/Middleware/HandleCors->handle(Object(Illuminate/Http/Request), Object(Closure))
#45 D:/Dokumen Sekolah 12/PKL/upj_tsm_k9/vendor/laravel/framework/src/Illuminate/Http/Middleware/TrustProxies.php(58): Illuminate/Pipeline/Pipeline->Illuminate/Pipeline/{closure}(Object(Illuminate/Http/Request))
#46 D:/Dokumen Sekolah 12/PKL/upj_tsm_k9/vendor/laravel/framework/src/Illuminate/Pipeline/Pipeline.php(209): Illuminate/Http/Middleware/TrustProxies->handle(Object(Illuminate/Http/Request), Object(Closure))
#47 D:/Dokumen Sekolah 12/PKL/upj_tsm_k9/vendor/laravel/framework/src/Illuminate/Foundation/Http/Middleware/InvokeDeferredCallbacks.php(22): Illuminate/Pipeline/Pipeline->Illuminate/Pipeline/{closure}(Object(Illuminate/Http/Request))
#48 D:/Dokumen Sekolah 12/PKL/upj_tsm_k9/vendor/laravel/framework/src/Illuminate/Pipeline/Pipeline.php(209): Illuminate/Foundation/Http/Middleware/InvokeDeferredCallbacks->handle(Object(Illuminate/Http/Request), Object(Closure))
#49 D:/Dokumen Sekolah 12/PKL/upj_tsm_k9/vendor/laravel/framework/src/Illuminate/Pipeline/Pipeline.php(127): Illuminate/Pipeline/Pipeline->Illuminate/Pipeline/{closure}(Object(Illuminate/Http/Request))
#50 D:/Dokumen Sekolah 12/PKL/upj_tsm_k9/vendor/laravel/framework/src/Illuminate/Foundation/Http/Kernel.php(176): Illuminate/Pipeline/Pipeline->then(Object(Closure))
#51 D:/Dokumen Sekolah 12/PKL/upj_tsm_k9/vendor/laravel/framework/src/Illuminate/Foundation/Http/Kernel.php(145): Illuminate/Foundation/Http/Kernel->sendRequestThroughRouter(Object(Illuminate/Http/Request))
#52 D:/Dokumen Sekolah 12/PKL/upj_tsm_k9/vendor/laravel/framework/src/Illuminate/Foundation/Application.php(1220): Illuminate/Foundation/Http/Kernel->handle(Object(Illuminate/Http/Request))
#53 D:/Dokumen Sekolah 12/PKL/upj_tsm_k9/public/index.php(17): Illuminate/Foundation/Application->handleRequest(Object(Illuminate/Http/Request))
#54 D:/Dokumen Sekolah 12/PKL/upj_tsm_k9/vendor/laravel/framework/src/Illuminate/Foundation/resources/server.php(23): require_once('D://Dokumen Seko...')
#55 {main}
"} 
[2026-04-28 14:01:06] local.ERROR: The command ""C:\Program Files\nodejs\\node.EXE" "D:\Dokumen Sekolah 12\PKL\upj_tsm_k9\vendor\spatie\browsershot\src/../bin/browser.cjs" "{""url"":""file:\/\/C:\\Users\\ZAKI\\AppData\\Local\\Temp\\1219739956-0927062001777359635\\index.html"",""action"":""pdf"",""options"":{""args"":[],""viewport"":{""width"":800,""height"":600},""displayHeaderFooter"":false,""format"":""A4"",""printBackground"":true}}"" failed.

Exit Code: 1(General error)

Working directory: D:\Dokumen Sekolah 12\PKL\upj_tsm_k9\public

Output:
================


Error Output:
================
TimeoutError: Navigation timeout of 30000 ms exceeded
    at new Deferred (D:\Dokumen Sekolah 12\PKL\upj_tsm_k9\node_modules\puppeteer-core\lib\cjs\puppeteer\util\Deferred.js:60:34)
    at Deferred.create (D:\Dokumen Sekolah 12\PKL\upj_tsm_k9\node_modules\puppeteer-core\lib\cjs\puppeteer\util\Deferred.js:21:16)
    at new LifecycleWatcher (D:\Dokumen Sekolah 12\PKL\upj_tsm_k9\node_modules\puppeteer-core\lib\cjs\puppeteer\cdp\LifecycleWatcher.js:73:60)
    at CdpFrame.goto (D:\Dokumen Sekolah 12\PKL\upj_tsm_k9\node_modules\puppeteer-core\lib\cjs\puppeteer\cdp\Frame.js:151:29)
    at CdpFrame.<anonymous> (D:\Dokumen Sekolah 12\PKL\upj_tsm_k9\node_modules\puppeteer-core\lib\cjs\puppeteer\util\decorators.js:109:27)
    at CdpPage.goto (D:\Dokumen Sekolah 12\PKL\upj_tsm_k9\node_modules\puppeteer-core\lib\cjs\puppeteer\api\Page.js:580:43)
    at callChrome (D:\Dokumen Sekolah 12\PKL\upj_tsm_k9\vendor\spatie\browsershot\bin\browser.cjs:307:37)
 {"userId":6,"exception":"[object] (Symfony\\Component\\Process\\Exception\\ProcessFailedException(code: 0): The command \"\"C:\\Program Files\\nodejs\\\\node.EXE\" \"D:\\Dokumen Sekolah 12\\PKL\\upj_tsm_k9\\vendor\\spatie\\browsershot\\src/../bin/browser.cjs\" \"{\"\"url\"\":\"\"file:\\/\\/C:\\\\Users\\\\ZAKI\\\\AppData\\\\Local\\\\Temp\\\\1219739956-0927062001777359635\\\\index.html\"\",\"\"action\"\":\"\"pdf\"\",\"\"options\"\":{\"\"args\"\":[],\"\"viewport\"\":{\"\"width\"\":800,\"\"height\"\":600},\"\"displayHeaderFooter\"\":false,\"\"format\"\":\"\"A4\"\",\"\"printBackground\"\":true}}\"\" failed.

Exit Code: 1(General error)

Working directory: D:\\Dokumen Sekolah 12\\PKL\\upj_tsm_k9\\public

Output:
================


Error Output:
================
TimeoutError: Navigation timeout of 30000 ms exceeded
    at new Deferred (D:\\Dokumen Sekolah 12\\PKL\\upj_tsm_k9\\node_modules\\puppeteer-core\\lib\\cjs\\puppeteer\\util\\Deferred.js:60:34)
    at Deferred.create (D:\\Dokumen Sekolah 12\\PKL\\upj_tsm_k9\\node_modules\\puppeteer-core\\lib\\cjs\\puppeteer\\util\\Deferred.js:21:16)
    at new LifecycleWatcher (D:\\Dokumen Sekolah 12\\PKL\\upj_tsm_k9\\node_modules\\puppeteer-core\\lib\\cjs\\puppeteer\\cdp\\LifecycleWatcher.js:73:60)
    at CdpFrame.goto (D:\\Dokumen Sekolah 12\\PKL\\upj_tsm_k9\\node_modules\\puppeteer-core\\lib\\cjs\\puppeteer\\cdp\\Frame.js:151:29)
    at CdpFrame.<anonymous> (D:\\Dokumen Sekolah 12\\PKL\\upj_tsm_k9\\node_modules\\puppeteer-core\\lib\\cjs\\puppeteer\\util\\decorators.js:109:27)
    at CdpPage.goto (D:\\Dokumen Sekolah 12\\PKL\\upj_tsm_k9\\node_modules\\puppeteer-core\\lib\\cjs\\puppeteer\\api\\Page.js:580:43)
    at callChrome (D:\\Dokumen Sekolah 12\\PKL\\upj_tsm_k9\\vendor\\spatie\\browsershot\\bin\\browser.cjs:307:37)
 at D:/Dokumen Sekolah 12/PKL/upj_tsm_k9/vendor/spatie/browsershot/src/Browsershot.php:1156)
[stacktrace]
#0 D:/Dokumen Sekolah 12/PKL/upj_tsm_k9/vendor/spatie/browsershot/src/Browsershot.php(740): Spatie/Browsershot/Browsershot->callBrowser(Array)
#1 D:/Dokumen Sekolah 12/PKL/upj_tsm_k9/app/Http/Controllers/CetakController.php(33): Spatie/Browsershot/Browsershot->pdf()
#2 D:/Dokumen Sekolah 12/PKL/upj_tsm_k9/vendor/laravel/framework/src/Illuminate/Routing/ControllerDispatcher.php(47): App/Http/Controllers/CetakController->print('1')
#3 D:/Dokumen Sekolah 12/PKL/upj_tsm_k9/vendor/laravel/framework/src/Illuminate/Routing/Route.php(266): Illuminate/Routing/ControllerDispatcher->dispatch(Object(Illuminate/Routing/Route), Object(App/Http/Controllers/CetakController), 'print')
#4 D:/Dokumen Sekolah 12/PKL/upj_tsm_k9/vendor/laravel/framework/src/Illuminate/Routing/Route.php(212): Illuminate/Routing/Route->runController()
#5 D:/Dokumen Sekolah 12/PKL/upj_tsm_k9/vendor/laravel/framework/src/Illuminate/Routing/Router.php(808): Illuminate/Routing/Route->run()
#6 D:/Dokumen Sekolah 12/PKL/upj_tsm_k9/vendor/laravel/framework/src/Illuminate/Pipeline/Pipeline.php(170): Illuminate/Routing/Router->Illuminate/Routing/{closure}(Object(Illuminate/Http/Request))
#7 D:/Dokumen Sekolah 12/PKL/upj_tsm_k9/app/Http/Middleware/SecurityHeaders.php(13): Illuminate/Pipeline/Pipeline->Illuminate/Pipeline/{closure}(Object(Illuminate/Http/Request))
#8 D:/Dokumen Sekolah 12/PKL/upj_tsm_k9/vendor/laravel/framework/src/Illuminate/Pipeline/Pipeline.php(209): App/Http/Middleware/SecurityHeaders->handle(Object(Illuminate/Http/Request), Object(Closure))
#9 D:/Dokumen Sekolah 12/PKL/upj_tsm_k9/vendor/laravel/framework/src/Illuminate/Routing/Middleware/SubstituteBindings.php(51): Illuminate/Pipeline/Pipeline->Illuminate/Pipeline/{closure}(Object(Illuminate/Http/Request))
#10 D:/Dokumen Sekolah 12/PKL/upj_tsm_k9/vendor/laravel/framework/src/Illuminate/Pipeline/Pipeline.php(209): Illuminate/Routing/Middleware/SubstituteBindings->handle(Object(Illuminate/Http/Request), Object(Closure))
#11 D:/Dokumen Sekolah 12/PKL/upj_tsm_k9/vendor/laravel/framework/src/Illuminate/Auth/Middleware/Authenticate.php(64): Illuminate/Pipeline/Pipeline->Illuminate/Pipeline/{closure}(Object(Illuminate/Http/Request))
#12 D:/Dokumen Sekolah 12/PKL/upj_tsm_k9/vendor/laravel/framework/src/Illuminate/Pipeline/Pipeline.php(209): Illuminate/Auth/Middleware/Authenticate->handle(Object(Illuminate/Http/Request), Object(Closure))
#13 D:/Dokumen Sekolah 12/PKL/upj_tsm_k9/vendor/laravel/framework/src/Illuminate/Foundation/Http/Middleware/VerifyCsrfToken.php(88): Illuminate/Pipeline/Pipeline->Illuminate/Pipeline/{closure}(Object(Illuminate/Http/Request))
#14 D:/Dokumen Sekolah 12/PKL/upj_tsm_k9/vendor/laravel/framework/src/Illuminate/Pipeline/Pipeline.php(209): Illuminate/Foundation/Http/Middleware/VerifyCsrfToken->handle(Object(Illuminate/Http/Request), Object(Closure))
#15 D:/Dokumen Sekolah 12/PKL/upj_tsm_k9/vendor/laravel/framework/src/Illuminate/View/Middleware/ShareErrorsFromSession.php(49): Illuminate/Pipeline/Pipeline->Illuminate/Pipeline/{closure}(Object(Illuminate/Http/Request))
#16 D:/Dokumen Sekolah 12/PKL/upj_tsm_k9/vendor/laravel/framework/src/Illuminate/Pipeline/Pipeline.php(209): Illuminate/View/Middleware/ShareErrorsFromSession->handle(Object(Illuminate/Http/Request), Object(Closure))
#17 D:/Dokumen Sekolah 12/PKL/upj_tsm_k9/vendor/laravel/framework/src/Illuminate/Session/Middleware/StartSession.php(121): Illuminate/Pipeline/Pipeline->Illuminate/Pipeline/{closure}(Object(Illuminate/Http/Request))
#18 D:/Dokumen Sekolah 12/PKL/upj_tsm_k9/vendor/laravel/framework/src/Illuminate/Session/Middleware/StartSession.php(64): Illuminate/Session/Middleware/StartSession->handleStatefulRequest(Object(Illuminate/Http/Request), Object(Illuminate/Session/Store), Object(Closure))
#19 D:/Dokumen Sekolah 12/PKL/upj_tsm_k9/vendor/laravel/framework/src/Illuminate/Pipeline/Pipeline.php(209): Illuminate/Session/Middleware/StartSession->handle(Object(Illuminate/Http/Request), Object(Closure))
#20 D:/Dokumen Sekolah 12/PKL/upj_tsm_k9/vendor/laravel/framework/src/Illuminate/Cookie/Middleware/AddQueuedCookiesToResponse.php(37): Illuminate/Pipeline/Pipeline->Illuminate/Pipeline/{closure}(Object(Illuminate/Http/Request))
#21 D:/Dokumen Sekolah 12/PKL/upj_tsm_k9/vendor/laravel/framework/src/Illuminate/Pipeline/Pipeline.php(209): Illuminate/Cookie/Middleware/AddQueuedCookiesToResponse->handle(Object(Illuminate/Http/Request), Object(Closure))
#22 D:/Dokumen Sekolah 12/PKL/upj_tsm_k9/vendor/laravel/framework/src/Illuminate/Cookie/Middleware/EncryptCookies.php(75): Illuminate/Pipeline/Pipeline->Illuminate/Pipeline/{closure}(Object(Illuminate/Http/Request))
#23 D:/Dokumen Sekolah 12/PKL/upj_tsm_k9/vendor/laravel/framework/src/Illuminate/Pipeline/Pipeline.php(209): Illuminate/Cookie/Middleware/EncryptCookies->handle(Object(Illuminate/Http/Request), Object(Closure))
#24 D:/Dokumen Sekolah 12/PKL/upj_tsm_k9/vendor/laravel/framework/src/Illuminate/Pipeline/Pipeline.php(127): Illuminate/Pipeline/Pipeline->Illuminate/Pipeline/{closure}(Object(Illuminate/Http/Request))
#25 D:/Dokumen Sekolah 12/PKL/upj_tsm_k9/vendor/laravel/framework/src/Illuminate/Routing/Router.php(807): Illuminate/Pipeline/Pipeline->then(Object(Closure))
#26 D:/Dokumen Sekolah 12/PKL/upj_tsm_k9/vendor/laravel/framework/src/Illuminate/Routing/Router.php(786): Illuminate/Routing/Router->runRouteWithinStack(Object(Illuminate/Routing/Route), Object(Illuminate/Http/Request))
#27 D:/Dokumen Sekolah 12/PKL/upj_tsm_k9/vendor/laravel/framework/src/Illuminate/Routing/Router.php(750): Illuminate/Routing/Router->runRoute(Object(Illuminate/Http/Request), Object(Illuminate/Routing/Route))
#28 D:/Dokumen Sekolah 12/PKL/upj_tsm_k9/vendor/laravel/framework/src/Illuminate/Routing/Router.php(739): Illuminate/Routing/Router->dispatchToRoute(Object(Illuminate/Http/Request))
#29 D:/Dokumen Sekolah 12/PKL/upj_tsm_k9/vendor/laravel/framework/src/Illuminate/Foundation/Http/Kernel.php(201): Illuminate/Routing/Router->dispatch(Object(Illuminate/Http/Request))
#30 D:/Dokumen Sekolah 12/PKL/upj_tsm_k9/vendor/laravel/framework/src/Illuminate/Pipeline/Pipeline.php(170): Illuminate/Foundation/Http/Kernel->Illuminate/Foundation/Http/{closure}(Object(Illuminate/Http/Request))
#31 D:/Dokumen Sekolah 12/PKL/upj_tsm_k9/vendor/livewire/livewire/src/Features/SupportDisablingBackButtonCache/DisableBackButtonCacheMiddleware.php(19): Illuminate/Pipeline/Pipeline->Illuminate/Pipeline/{closure}(Object(Illuminate/Http/Request))
#32 D:/Dokumen Sekolah 12/PKL/upj_tsm_k9/vendor/laravel/framework/src/Illuminate/Pipeline/Pipeline.php(209): Livewire/Features/SupportDisablingBackButtonCache/DisableBackButtonCacheMiddleware->handle(Object(Illuminate/Http/Request), Object(Closure))
#33 D:/Dokumen Sekolah 12/PKL/upj_tsm_k9/vendor/laravel/framework/src/Illuminate/Foundation/Http/Middleware/TransformsRequest.php(21): Illuminate/Pipeline/Pipeline->Illuminate/Pipeline/{closure}(Object(Illuminate/Http/Request))
#34 D:/Dokumen Sekolah 12/PKL/upj_tsm_k9/vendor/laravel/framework/src/Illuminate/Foundation/Http/Middleware/ConvertEmptyStringsToNull.php(31): Illuminate/Foundation/Http/Middleware/TransformsRequest->handle(Object(Illuminate/Http/Request), Object(Closure))
#35 D:/Dokumen Sekolah 12/PKL/upj_tsm_k9/vendor/laravel/framework/src/Illuminate/Pipeline/Pipeline.php(209): Illuminate/Foundation/Http/Middleware/ConvertEmptyStringsToNull->handle(Object(Illuminate/Http/Request), Object(Closure))
#36 D:/Dokumen Sekolah 12/PKL/upj_tsm_k9/vendor/laravel/framework/src/Illuminate/Foundation/Http/Middleware/TransformsRequest.php(21): Illuminate/Pipeline/Pipeline->Illuminate/Pipeline/{closure}(Object(Illuminate/Http/Request))
#37 D:/Dokumen Sekolah 12/PKL/upj_tsm_k9/vendor/laravel/framework/src/Illuminate/Foundation/Http/Middleware/TrimStrings.php(51): Illuminate/Foundation/Http/Middleware/TransformsRequest->handle(Object(Illuminate/Http/Request), Object(Closure))
#38 D:/Dokumen Sekolah 12/PKL/upj_tsm_k9/vendor/laravel/framework/src/Illuminate/Pipeline/Pipeline.php(209): Illuminate/Foundation/Http/Middleware/TrimStrings->handle(Object(Illuminate/Http/Request), Object(Closure))
#39 D:/Dokumen Sekolah 12/PKL/upj_tsm_k9/vendor/laravel/framework/src/Illuminate/Http/Middleware/ValidatePostSize.php(27): Illuminate/Pipeline/Pipeline->Illuminate/Pipeline/{closure}(Object(Illuminate/Http/Request))
#40 D:/Dokumen Sekolah 12/PKL/upj_tsm_k9/vendor/laravel/framework/src/Illuminate/Pipeline/Pipeline.php(209): Illuminate/Http/Middleware/ValidatePostSize->handle(Object(Illuminate/Http/Request), Object(Closure))
#41 D:/Dokumen Sekolah 12/PKL/upj_tsm_k9/vendor/laravel/framework/src/Illuminate/Foundation/Http/Middleware/PreventRequestsDuringMaintenance.php(110): Illuminate/Pipeline/Pipeline->Illuminate/Pipeline/{closure}(Object(Illuminate/Http/Request))
#42 D:/Dokumen Sekolah 12/PKL/upj_tsm_k9/vendor/laravel/framework/src/Illuminate/Pipeline/Pipeline.php(209): Illuminate/Foundation/Http/Middleware/PreventRequestsDuringMaintenance->handle(Object(Illuminate/Http/Request), Object(Closure))
#43 D:/Dokumen Sekolah 12/PKL/upj_tsm_k9/vendor/laravel/framework/src/Illuminate/Http/Middleware/HandleCors.php(49): Illuminate/Pipeline/Pipeline->Illuminate/Pipeline/{closure}(Object(Illuminate/Http/Request))
#44 D:/Dokumen Sekolah 12/PKL/upj_tsm_k9/vendor/laravel/framework/src/Illuminate/Pipeline/Pipeline.php(209): Illuminate/Http/Middleware/HandleCors->handle(Object(Illuminate/Http/Request), Object(Closure))
#45 D:/Dokumen Sekolah 12/PKL/upj_tsm_k9/vendor/laravel/framework/src/Illuminate/Http/Middleware/TrustProxies.php(58): Illuminate/Pipeline/Pipeline->Illuminate/Pipeline/{closure}(Object(Illuminate/Http/Request))
#46 D:/Dokumen Sekolah 12/PKL/upj_tsm_k9/vendor/laravel/framework/src/Illuminate/Pipeline/Pipeline.php(209): Illuminate/Http/Middleware/TrustProxies->handle(Object(Illuminate/Http/Request), Object(Closure))
#47 D:/Dokumen Sekolah 12/PKL/upj_tsm_k9/vendor/laravel/framework/src/Illuminate/Foundation/Http/Middleware/InvokeDeferredCallbacks.php(22): Illuminate/Pipeline/Pipeline->Illuminate/Pipeline/{closure}(Object(Illuminate/Http/Request))
#48 D:/Dokumen Sekolah 12/PKL/upj_tsm_k9/vendor/laravel/framework/src/Illuminate/Pipeline/Pipeline.php(209): Illuminate/Foundation/Http/Middleware/InvokeDeferredCallbacks->handle(Object(Illuminate/Http/Request), Object(Closure))
#49 D:/Dokumen Sekolah 12/PKL/upj_tsm_k9/vendor/laravel/framework/src/Illuminate/Pipeline/Pipeline.php(127): Illuminate/Pipeline/Pipeline->Illuminate/Pipeline/{closure}(Object(Illuminate/Http/Request))
#50 D:/Dokumen Sekolah 12/PKL/upj_tsm_k9/vendor/laravel/framework/src/Illuminate/Foundation/Http/Kernel.php(176): Illuminate/Pipeline/Pipeline->then(Object(Closure))
#51 D:/Dokumen Sekolah 12/PKL/upj_tsm_k9/vendor/laravel/framework/src/Illuminate/Foundation/Http/Kernel.php(145): Illuminate/Foundation/Http/Kernel->sendRequestThroughRouter(Object(Illuminate/Http/Request))
#52 D:/Dokumen Sekolah 12/PKL/upj_tsm_k9/vendor/laravel/framework/src/Illuminate/Foundation/Application.php(1220): Illuminate/Foundation/Http/Kernel->handle(Object(Illuminate/Http/Request))
#53 D:/Dokumen Sekolah 12/PKL/upj_tsm_k9/public/index.php(17): Illuminate/Foundation/Application->handleRequest(Object(Illuminate/Http/Request))
#54 D:/Dokumen Sekolah 12/PKL/upj_tsm_k9/vendor/laravel/framework/src/Illuminate/Foundation/resources/server.php(23): require_once('D://Dokumen Seko...')
#55 {main}
"} 
[2026-04-28 14:01:50] local.ERROR: The command ""C:\Program Files\nodejs\\node.EXE" "D:\Dokumen Sekolah 12\PKL\upj_tsm_k9\vendor\spatie\browsershot\src/../bin/browser.cjs" "{""url"":""file:\/\/C:\\Users\\ZAKI\\AppData\\Local\\Temp\\919449731-0197104001777359680\\index.html"",""action"":""pdf"",""options"":{""args"":[],""viewport"":{""width"":800,""height"":600},""displayHeaderFooter"":false,""format"":""A4"",""printBackground"":true}}"" failed.

Exit Code: 1(General error)

Working directory: D:\Dokumen Sekolah 12\PKL\upj_tsm_k9\public

Output:
================


Error Output:
================
TimeoutError: Navigation timeout of 30000 ms exceeded
    at new Deferred (D:\Dokumen Sekolah 12\PKL\upj_tsm_k9\node_modules\puppeteer-core\lib\cjs\puppeteer\util\Deferred.js:60:34)
    at Deferred.create (D:\Dokumen Sekolah 12\PKL\upj_tsm_k9\node_modules\puppeteer-core\lib\cjs\puppeteer\util\Deferred.js:21:16)
    at new LifecycleWatcher (D:\Dokumen Sekolah 12\PKL\upj_tsm_k9\node_modules\puppeteer-core\lib\cjs\puppeteer\cdp\LifecycleWatcher.js:73:60)
    at CdpFrame.goto (D:\Dokumen Sekolah 12\PKL\upj_tsm_k9\node_modules\puppeteer-core\lib\cjs\puppeteer\cdp\Frame.js:151:29)
    at CdpFrame.<anonymous> (D:\Dokumen Sekolah 12\PKL\upj_tsm_k9\node_modules\puppeteer-core\lib\cjs\puppeteer\util\decorators.js:109:27)
    at CdpPage.goto (D:\Dokumen Sekolah 12\PKL\upj_tsm_k9\node_modules\puppeteer-core\lib\cjs\puppeteer\api\Page.js:580:43)
    at callChrome (D:\Dokumen Sekolah 12\PKL\upj_tsm_k9\vendor\spatie\browsershot\bin\browser.cjs:307:37)
 {"userId":6,"exception":"[object] (Symfony\\Component\\Process\\Exception\\ProcessFailedException(code: 0): The command \"\"C:\\Program Files\\nodejs\\\\node.EXE\" \"D:\\Dokumen Sekolah 12\\PKL\\upj_tsm_k9\\vendor\\spatie\\browsershot\\src/../bin/browser.cjs\" \"{\"\"url\"\":\"\"file:\\/\\/C:\\\\Users\\\\ZAKI\\\\AppData\\\\Local\\\\Temp\\\\919449731-0197104001777359680\\\\index.html\"\",\"\"action\"\":\"\"pdf\"\",\"\"options\"\":{\"\"args\"\":[],\"\"viewport\"\":{\"\"width\"\":800,\"\"height\"\":600},\"\"displayHeaderFooter\"\":false,\"\"format\"\":\"\"A4\"\",\"\"printBackground\"\":true}}\"\" failed.

Exit Code: 1(General error)

Working directory: D:\\Dokumen Sekolah 12\\PKL\\upj_tsm_k9\\public

Output:
================


Error Output:
================
TimeoutError: Navigation timeout of 30000 ms exceeded
    at new Deferred (D:\\Dokumen Sekolah 12\\PKL\\upj_tsm_k9\\node_modules\\puppeteer-core\\lib\\cjs\\puppeteer\\util\\Deferred.js:60:34)
    at Deferred.create (D:\\Dokumen Sekolah 12\\PKL\\upj_tsm_k9\\node_modules\\puppeteer-core\\lib\\cjs\\puppeteer\\util\\Deferred.js:21:16)
    at new LifecycleWatcher (D:\\Dokumen Sekolah 12\\PKL\\upj_tsm_k9\\node_modules\\puppeteer-core\\lib\\cjs\\puppeteer\\cdp\\LifecycleWatcher.js:73:60)
    at CdpFrame.goto (D:\\Dokumen Sekolah 12\\PKL\\upj_tsm_k9\\node_modules\\puppeteer-core\\lib\\cjs\\puppeteer\\cdp\\Frame.js:151:29)
    at CdpFrame.<anonymous> (D:\\Dokumen Sekolah 12\\PKL\\upj_tsm_k9\\node_modules\\puppeteer-core\\lib\\cjs\\puppeteer\\util\\decorators.js:109:27)
    at CdpPage.goto (D:\\Dokumen Sekolah 12\\PKL\\upj_tsm_k9\\node_modules\\puppeteer-core\\lib\\cjs\\puppeteer\\api\\Page.js:580:43)
    at callChrome (D:\\Dokumen Sekolah 12\\PKL\\upj_tsm_k9\\vendor\\spatie\\browsershot\\bin\\browser.cjs:307:37)
 at D:/Dokumen Sekolah 12/PKL/upj_tsm_k9/vendor/spatie/browsershot/src/Browsershot.php:1156)
[stacktrace]
#0 D:/Dokumen Sekolah 12/PKL/upj_tsm_k9/vendor/spatie/browsershot/src/Browsershot.php(740): Spatie/Browsershot/Browsershot->callBrowser(Array)
#1 D:/Dokumen Sekolah 12/PKL/upj_tsm_k9/app/Http/Controllers/CetakController.php(33): Spatie/Browsershot/Browsershot->pdf()
#2 D:/Dokumen Sekolah 12/PKL/upj_tsm_k9/vendor/laravel/framework/src/Illuminate/Routing/ControllerDispatcher.php(47): App/Http/Controllers/CetakController->print('1')
#3 D:/Dokumen Sekolah 12/PKL/upj_tsm_k9/vendor/laravel/framework/src/Illuminate/Routing/Route.php(266): Illuminate/Routing/ControllerDispatcher->dispatch(Object(Illuminate/Routing/Route), Object(App/Http/Controllers/CetakController), 'print')
#4 D:/Dokumen Sekolah 12/PKL/upj_tsm_k9/vendor/laravel/framework/src/Illuminate/Routing/Route.php(212): Illuminate/Routing/Route->runController()
#5 D:/Dokumen Sekolah 12/PKL/upj_tsm_k9/vendor/laravel/framework/src/Illuminate/Routing/Router.php(808): Illuminate/Routing/Route->run()
#6 D:/Dokumen Sekolah 12/PKL/upj_tsm_k9/vendor/laravel/framework/src/Illuminate/Pipeline/Pipeline.php(170): Illuminate/Routing/Router->Illuminate/Routing/{closure}(Object(Illuminate/Http/Request))
#7 D:/Dokumen Sekolah 12/PKL/upj_tsm_k9/app/Http/Middleware/SecurityHeaders.php(13): Illuminate/Pipeline/Pipeline->Illuminate/Pipeline/{closure}(Object(Illuminate/Http/Request))
#8 D:/Dokumen Sekolah 12/PKL/upj_tsm_k9/vendor/laravel/framework/src/Illuminate/Pipeline/Pipeline.php(209): App/Http/Middleware/SecurityHeaders->handle(Object(Illuminate/Http/Request), Object(Closure))
#9 D:/Dokumen Sekolah 12/PKL/upj_tsm_k9/vendor/laravel/framework/src/Illuminate/Routing/Middleware/SubstituteBindings.php(51): Illuminate/Pipeline/Pipeline->Illuminate/Pipeline/{closure}(Object(Illuminate/Http/Request))
#10 D:/Dokumen Sekolah 12/PKL/upj_tsm_k9/vendor/laravel/framework/src/Illuminate/Pipeline/Pipeline.php(209): Illuminate/Routing/Middleware/SubstituteBindings->handle(Object(Illuminate/Http/Request), Object(Closure))
#11 D:/Dokumen Sekolah 12/PKL/upj_tsm_k9/vendor/laravel/framework/src/Illuminate/Auth/Middleware/Authenticate.php(64): Illuminate/Pipeline/Pipeline->Illuminate/Pipeline/{closure}(Object(Illuminate/Http/Request))
#12 D:/Dokumen Sekolah 12/PKL/upj_tsm_k9/vendor/laravel/framework/src/Illuminate/Pipeline/Pipeline.php(209): Illuminate/Auth/Middleware/Authenticate->handle(Object(Illuminate/Http/Request), Object(Closure))
#13 D:/Dokumen Sekolah 12/PKL/upj_tsm_k9/vendor/laravel/framework/src/Illuminate/Foundation/Http/Middleware/VerifyCsrfToken.php(88): Illuminate/Pipeline/Pipeline->Illuminate/Pipeline/{closure}(Object(Illuminate/Http/Request))
#14 D:/Dokumen Sekolah 12/PKL/upj_tsm_k9/vendor/laravel/framework/src/Illuminate/Pipeline/Pipeline.php(209): Illuminate/Foundation/Http/Middleware/VerifyCsrfToken->handle(Object(Illuminate/Http/Request), Object(Closure))
#15 D:/Dokumen Sekolah 12/PKL/upj_tsm_k9/vendor/laravel/framework/src/Illuminate/View/Middleware/ShareErrorsFromSession.php(49): Illuminate/Pipeline/Pipeline->Illuminate/Pipeline/{closure}(Object(Illuminate/Http/Request))
#16 D:/Dokumen Sekolah 12/PKL/upj_tsm_k9/vendor/laravel/framework/src/Illuminate/Pipeline/Pipeline.php(209): Illuminate/View/Middleware/ShareErrorsFromSession->handle(Object(Illuminate/Http/Request), Object(Closure))
#17 D:/Dokumen Sekolah 12/PKL/upj_tsm_k9/vendor/laravel/framework/src/Illuminate/Session/Middleware/StartSession.php(121): Illuminate/Pipeline/Pipeline->Illuminate/Pipeline/{closure}(Object(Illuminate/Http/Request))
#18 D:/Dokumen Sekolah 12/PKL/upj_tsm_k9/vendor/laravel/framework/src/Illuminate/Session/Middleware/StartSession.php(64): Illuminate/Session/Middleware/StartSession->handleStatefulRequest(Object(Illuminate/Http/Request), Object(Illuminate/Session/Store), Object(Closure))
#19 D:/Dokumen Sekolah 12/PKL/upj_tsm_k9/vendor/laravel/framework/src/Illuminate/Pipeline/Pipeline.php(209): Illuminate/Session/Middleware/StartSession->handle(Object(Illuminate/Http/Request), Object(Closure))
#20 D:/Dokumen Sekolah 12/PKL/upj_tsm_k9/vendor/laravel/framework/src/Illuminate/Cookie/Middleware/AddQueuedCookiesToResponse.php(37): Illuminate/Pipeline/Pipeline->Illuminate/Pipeline/{closure}(Object(Illuminate/Http/Request))
#21 D:/Dokumen Sekolah 12/PKL/upj_tsm_k9/vendor/laravel/framework/src/Illuminate/Pipeline/Pipeline.php(209): Illuminate/Cookie/Middleware/AddQueuedCookiesToResponse->handle(Object(Illuminate/Http/Request), Object(Closure))
#22 D:/Dokumen Sekolah 12/PKL/upj_tsm_k9/vendor/laravel/framework/src/Illuminate/Cookie/Middleware/EncryptCookies.php(75): Illuminate/Pipeline/Pipeline->Illuminate/Pipeline/{closure}(Object(Illuminate/Http/Request))
#23 D:/Dokumen Sekolah 12/PKL/upj_tsm_k9/vendor/laravel/framework/src/Illuminate/Pipeline/Pipeline.php(209): Illuminate/Cookie/Middleware/EncryptCookies->handle(Object(Illuminate/Http/Request), Object(Closure))
#24 D:/Dokumen Sekolah 12/PKL/upj_tsm_k9/vendor/laravel/framework/src/Illuminate/Pipeline/Pipeline.php(127): Illuminate/Pipeline/Pipeline->Illuminate/Pipeline/{closure}(Object(Illuminate/Http/Request))
#25 D:/Dokumen Sekolah 12/PKL/upj_tsm_k9/vendor/laravel/framework/src/Illuminate/Routing/Router.php(807): Illuminate/Pipeline/Pipeline->then(Object(Closure))
#26 D:/Dokumen Sekolah 12/PKL/upj_tsm_k9/vendor/laravel/framework/src/Illuminate/Routing/Router.php(786): Illuminate/Routing/Router->runRouteWithinStack(Object(Illuminate/Routing/Route), Object(Illuminate/Http/Request))
#27 D:/Dokumen Sekolah 12/PKL/upj_tsm_k9/vendor/laravel/framework/src/Illuminate/Routing/Router.php(750): Illuminate/Routing/Router->runRoute(Object(Illuminate/Http/Request), Object(Illuminate/Routing/Route))
#28 D:/Dokumen Sekolah 12/PKL/upj_tsm_k9/vendor/laravel/framework/src/Illuminate/Routing/Router.php(739): Illuminate/Routing/Router->dispatchToRoute(Object(Illuminate/Http/Request))
#29 D:/Dokumen Sekolah 12/PKL/upj_tsm_k9/vendor/laravel/framework/src/Illuminate/Foundation/Http/Kernel.php(201): Illuminate/Routing/Router->dispatch(Object(Illuminate/Http/Request))
#30 D:/Dokumen Sekolah 12/PKL/upj_tsm_k9/vendor/laravel/framework/src/Illuminate/Pipeline/Pipeline.php(170): Illuminate/Foundation/Http/Kernel->Illuminate/Foundation/Http/{closure}(Object(Illuminate/Http/Request))
#31 D:/Dokumen Sekolah 12/PKL/upj_tsm_k9/vendor/livewire/livewire/src/Features/SupportDisablingBackButtonCache/DisableBackButtonCacheMiddleware.php(19): Illuminate/Pipeline/Pipeline->Illuminate/Pipeline/{closure}(Object(Illuminate/Http/Request))
#32 D:/Dokumen Sekolah 12/PKL/upj_tsm_k9/vendor/laravel/framework/src/Illuminate/Pipeline/Pipeline.php(209): Livewire/Features/SupportDisablingBackButtonCache/DisableBackButtonCacheMiddleware->handle(Object(Illuminate/Http/Request), Object(Closure))
#33 D:/Dokumen Sekolah 12/PKL/upj_tsm_k9/vendor/laravel/framework/src/Illuminate/Foundation/Http/Middleware/TransformsRequest.php(21): Illuminate/Pipeline/Pipeline->Illuminate/Pipeline/{closure}(Object(Illuminate/Http/Request))
#34 D:/Dokumen Sekolah 12/PKL/upj_tsm_k9/vendor/laravel/framework/src/Illuminate/Foundation/Http/Middleware/ConvertEmptyStringsToNull.php(31): Illuminate/Foundation/Http/Middleware/TransformsRequest->handle(Object(Illuminate/Http/Request), Object(Closure))
#35 D:/Dokumen Sekolah 12/PKL/upj_tsm_k9/vendor/laravel/framework/src/Illuminate/Pipeline/Pipeline.php(209): Illuminate/Foundation/Http/Middleware/ConvertEmptyStringsToNull->handle(Object(Illuminate/Http/Request), Object(Closure))
#36 D:/Dokumen Sekolah 12/PKL/upj_tsm_k9/vendor/laravel/framework/src/Illuminate/Foundation/Http/Middleware/TransformsRequest.php(21): Illuminate/Pipeline/Pipeline->Illuminate/Pipeline/{closure}(Object(Illuminate/Http/Request))
#37 D:/Dokumen Sekolah 12/PKL/upj_tsm_k9/vendor/laravel/framework/src/Illuminate/Foundation/Http/Middleware/TrimStrings.php(51): Illuminate/Foundation/Http/Middleware/TransformsRequest->handle(Object(Illuminate/Http/Request), Object(Closure))
#38 D:/Dokumen Sekolah 12/PKL/upj_tsm_k9/vendor/laravel/framework/src/Illuminate/Pipeline/Pipeline.php(209): Illuminate/Foundation/Http/Middleware/TrimStrings->handle(Object(Illuminate/Http/Request), Object(Closure))
#39 D:/Dokumen Sekolah 12/PKL/upj_tsm_k9/vendor/laravel/framework/src/Illuminate/Http/Middleware/ValidatePostSize.php(27): Illuminate/Pipeline/Pipeline->Illuminate/Pipeline/{closure}(Object(Illuminate/Http/Request))
#40 D:/Dokumen Sekolah 12/PKL/upj_tsm_k9/vendor/laravel/framework/src/Illuminate/Pipeline/Pipeline.php(209): Illuminate/Http/Middleware/ValidatePostSize->handle(Object(Illuminate/Http/Request), Object(Closure))
#41 D:/Dokumen Sekolah 12/PKL/upj_tsm_k9/vendor/laravel/framework/src/Illuminate/Foundation/Http/Middleware/PreventRequestsDuringMaintenance.php(110): Illuminate/Pipeline/Pipeline->Illuminate/Pipeline/{closure}(Object(Illuminate/Http/Request))
#42 D:/Dokumen Sekolah 12/PKL/upj_tsm_k9/vendor/laravel/framework/src/Illuminate/Pipeline/Pipeline.php(209): Illuminate/Foundation/Http/Middleware/PreventRequestsDuringMaintenance->handle(Object(Illuminate/Http/Request), Object(Closure))
#43 D:/Dokumen Sekolah 12/PKL/upj_tsm_k9/vendor/laravel/framework/src/Illuminate/Http/Middleware/HandleCors.php(49): Illuminate/Pipeline/Pipeline->Illuminate/Pipeline/{closure}(Object(Illuminate/Http/Request))
#44 D:/Dokumen Sekolah 12/PKL/upj_tsm_k9/vendor/laravel/framework/src/Illuminate/Pipeline/Pipeline.php(209): Illuminate/Http/Middleware/HandleCors->handle(Object(Illuminate/Http/Request), Object(Closure))
#45 D:/Dokumen Sekolah 12/PKL/upj_tsm_k9/vendor/laravel/framework/src/Illuminate/Http/Middleware/TrustProxies.php(58): Illuminate/Pipeline/Pipeline->Illuminate/Pipeline/{closure}(Object(Illuminate/Http/Request))
#46 D:/Dokumen Sekolah 12/PKL/upj_tsm_k9/vendor/laravel/framework/src/Illuminate/Pipeline/Pipeline.php(209): Illuminate/Http/Middleware/TrustProxies->handle(Object(Illuminate/Http/Request), Object(Closure))
#47 D:/Dokumen Sekolah 12/PKL/upj_tsm_k9/vendor/laravel/framework/src/Illuminate/Foundation/Http/Middleware/InvokeDeferredCallbacks.php(22): Illuminate/Pipeline/Pipeline->Illuminate/Pipeline/{closure}(Object(Illuminate/Http/Request))
#48 D:/Dokumen Sekolah 12/PKL/upj_tsm_k9/vendor/laravel/framework/src/Illuminate/Pipeline/Pipeline.php(209): Illuminate/Foundation/Http/Middleware/InvokeDeferredCallbacks->handle(Object(Illuminate/Http/Request), Object(Closure))
#49 D:/Dokumen Sekolah 12/PKL/upj_tsm_k9/vendor/laravel/framework/src/Illuminate/Pipeline/Pipeline.php(127): Illuminate/Pipeline/Pipeline->Illuminate/Pipeline/{closure}(Object(Illuminate/Http/Request))
#50 D:/Dokumen Sekolah 12/PKL/upj_tsm_k9/vendor/laravel/framework/src/Illuminate/Foundation/Http/Kernel.php(176): Illuminate/Pipeline/Pipeline->then(Object(Closure))
#51 D:/Dokumen Sekolah 12/PKL/upj_tsm_k9/vendor/laravel/framework/src/Illuminate/Foundation/Http/Kernel.php(145): Illuminate/Foundation/Http/Kernel->sendRequestThroughRouter(Object(Illuminate/Http/Request))
#52 D:/Dokumen Sekolah 12/PKL/upj_tsm_k9/vendor/laravel/framework/src/Illuminate/Foundation/Application.php(1220): Illuminate/Foundation/Http/Kernel->handle(Object(Illuminate/Http/Request))
#53 D:/Dokumen Sekolah 12/PKL/upj_tsm_k9/public/index.php(17): Illuminate/Foundation/Application->handleRequest(Object(Illuminate/Http/Request))
#54 D:/Dokumen Sekolah 12/PKL/upj_tsm_k9/vendor/laravel/framework/src/Illuminate/Foundation/resources/server.php(23): require_once('D://Dokumen Seko...')
#55 {main}
"} 
[2026-04-28 14:04:52] local.ERROR: The command ""C:\Program Files\nodejs\\node.EXE" "D:\Dokumen Sekolah 12\PKL\upj_tsm_k9\vendor\spatie\browsershot\src/../bin/browser.cjs" "{""url"":""file:\/\/C:\\Users\\ZAKI\\AppData\\Local\\Temp\\1012567495-0620708001777359861\\index.html"",""action"":""pdf"",""options"":{""args"":[],""viewport"":{""width"":800,""height"":600},""displayHeaderFooter"":false,""format"":""A4"",""printBackground"":true}}"" failed.

Exit Code: 1(General error)

Working directory: D:\Dokumen Sekolah 12\PKL\upj_tsm_k9\public

Output:
================


Error Output:
================
TimeoutError: Navigation timeout of 30000 ms exceeded
    at new Deferred (D:\Dokumen Sekolah 12\PKL\upj_tsm_k9\node_modules\puppeteer-core\lib\cjs\puppeteer\util\Deferred.js:60:34)
    at Deferred.create (D:\Dokumen Sekolah 12\PKL\upj_tsm_k9\node_modules\puppeteer-core\lib\cjs\puppeteer\util\Deferred.js:21:16)
    at new LifecycleWatcher (D:\Dokumen Sekolah 12\PKL\upj_tsm_k9\node_modules\puppeteer-core\lib\cjs\puppeteer\cdp\LifecycleWatcher.js:73:60)
    at CdpFrame.goto (D:\Dokumen Sekolah 12\PKL\upj_tsm_k9\node_modules\puppeteer-core\lib\cjs\puppeteer\cdp\Frame.js:151:29)
    at CdpFrame.<anonymous> (D:\Dokumen Sekolah 12\PKL\upj_tsm_k9\node_modules\puppeteer-core\lib\cjs\puppeteer\util\decorators.js:109:27)
    at CdpPage.goto (D:\Dokumen Sekolah 12\PKL\upj_tsm_k9\node_modules\puppeteer-core\lib\cjs\puppeteer\api\Page.js:580:43)
    at callChrome (D:\Dokumen Sekolah 12\PKL\upj_tsm_k9\vendor\spatie\browsershot\bin\browser.cjs:307:37)
 {"userId":6,"exception":"[object] (Symfony\\Component\\Process\\Exception\\ProcessFailedException(code: 0): The command \"\"C:\\Program Files\\nodejs\\\\node.EXE\" \"D:\\Dokumen Sekolah 12\\PKL\\upj_tsm_k9\\vendor\\spatie\\browsershot\\src/../bin/browser.cjs\" \"{\"\"url\"\":\"\"file:\\/\\/C:\\\\Users\\\\ZAKI\\\\AppData\\\\Local\\\\Temp\\\\1012567495-0620708001777359861\\\\index.html\"\",\"\"action\"\":\"\"pdf\"\",\"\"options\"\":{\"\"args\"\":[],\"\"viewport\"\":{\"\"width\"\":800,\"\"height\"\":600},\"\"displayHeaderFooter\"\":false,\"\"format\"\":\"\"A4\"\",\"\"printBackground\"\":true}}\"\" failed.

Exit Code: 1(General error)

Working directory: D:\\Dokumen Sekolah 12\\PKL\\upj_tsm_k9\\public

Output:
================


Error Output:
================
TimeoutError: Navigation timeout of 30000 ms exceeded
    at new Deferred (D:\\Dokumen Sekolah 12\\PKL\\upj_tsm_k9\\node_modules\\puppeteer-core\\lib\\cjs\\puppeteer\\util\\Deferred.js:60:34)
    at Deferred.create (D:\\Dokumen Sekolah 12\\PKL\\upj_tsm_k9\\node_modules\\puppeteer-core\\lib\\cjs\\puppeteer\\util\\Deferred.js:21:16)
    at new LifecycleWatcher (D:\\Dokumen Sekolah 12\\PKL\\upj_tsm_k9\\node_modules\\puppeteer-core\\lib\\cjs\\puppeteer\\cdp\\LifecycleWatcher.js:73:60)
    at CdpFrame.goto (D:\\Dokumen Sekolah 12\\PKL\\upj_tsm_k9\\node_modules\\puppeteer-core\\lib\\cjs\\puppeteer\\cdp\\Frame.js:151:29)
    at CdpFrame.<anonymous> (D:\\Dokumen Sekolah 12\\PKL\\upj_tsm_k9\\node_modules\\puppeteer-core\\lib\\cjs\\puppeteer\\util\\decorators.js:109:27)
    at CdpPage.goto (D:\\Dokumen Sekolah 12\\PKL\\upj_tsm_k9\\node_modules\\puppeteer-core\\lib\\cjs\\puppeteer\\api\\Page.js:580:43)
    at callChrome (D:\\Dokumen Sekolah 12\\PKL\\upj_tsm_k9\\vendor\\spatie\\browsershot\\bin\\browser.cjs:307:37)
 at D:/Dokumen Sekolah 12/PKL/upj_tsm_k9/vendor/spatie/browsershot/src/Browsershot.php:1156)
[stacktrace]
#0 D:/Dokumen Sekolah 12/PKL/upj_tsm_k9/vendor/spatie/browsershot/src/Browsershot.php(740): Spatie/Browsershot/Browsershot->callBrowser(Array)
#1 D:/Dokumen Sekolah 12/PKL/upj_tsm_k9/app/Http/Controllers/CetakController.php(33): Spatie/Browsershot/Browsershot->pdf()
#2 D:/Dokumen Sekolah 12/PKL/upj_tsm_k9/vendor/laravel/framework/src/Illuminate/Routing/ControllerDispatcher.php(47): App/Http/Controllers/CetakController->print('1')
#3 D:/Dokumen Sekolah 12/PKL/upj_tsm_k9/vendor/laravel/framework/src/Illuminate/Routing/Route.php(266): Illuminate/Routing/ControllerDispatcher->dispatch(Object(Illuminate/Routing/Route), Object(App/Http/Controllers/CetakController), 'print')
#4 D:/Dokumen Sekolah 12/PKL/upj_tsm_k9/vendor/laravel/framework/src/Illuminate/Routing/Route.php(212): Illuminate/Routing/Route->runController()
#5 D:/Dokumen Sekolah 12/PKL/upj_tsm_k9/vendor/laravel/framework/src/Illuminate/Routing/Router.php(808): Illuminate/Routing/Route->run()
#6 D:/Dokumen Sekolah 12/PKL/upj_tsm_k9/vendor/laravel/framework/src/Illuminate/Pipeline/Pipeline.php(170): Illuminate/Routing/Router->Illuminate/Routing/{closure}(Object(Illuminate/Http/Request))
#7 D:/Dokumen Sekolah 12/PKL/upj_tsm_k9/app/Http/Middleware/SecurityHeaders.php(13): Illuminate/Pipeline/Pipeline->Illuminate/Pipeline/{closure}(Object(Illuminate/Http/Request))
#8 D:/Dokumen Sekolah 12/PKL/upj_tsm_k9/vendor/laravel/framework/src/Illuminate/Pipeline/Pipeline.php(209): App/Http/Middleware/SecurityHeaders->handle(Object(Illuminate/Http/Request), Object(Closure))
#9 D:/Dokumen Sekolah 12/PKL/upj_tsm_k9/vendor/laravel/framework/src/Illuminate/Routing/Middleware/SubstituteBindings.php(51): Illuminate/Pipeline/Pipeline->Illuminate/Pipeline/{closure}(Object(Illuminate/Http/Request))
#10 D:/Dokumen Sekolah 12/PKL/upj_tsm_k9/vendor/laravel/framework/src/Illuminate/Pipeline/Pipeline.php(209): Illuminate/Routing/Middleware/SubstituteBindings->handle(Object(Illuminate/Http/Request), Object(Closure))
#11 D:/Dokumen Sekolah 12/PKL/upj_tsm_k9/vendor/laravel/framework/src/Illuminate/Auth/Middleware/Authenticate.php(64): Illuminate/Pipeline/Pipeline->Illuminate/Pipeline/{closure}(Object(Illuminate/Http/Request))
#12 D:/Dokumen Sekolah 12/PKL/upj_tsm_k9/vendor/laravel/framework/src/Illuminate/Pipeline/Pipeline.php(209): Illuminate/Auth/Middleware/Authenticate->handle(Object(Illuminate/Http/Request), Object(Closure))
#13 D:/Dokumen Sekolah 12/PKL/upj_tsm_k9/vendor/laravel/framework/src/Illuminate/Foundation/Http/Middleware/VerifyCsrfToken.php(88): Illuminate/Pipeline/Pipeline->Illuminate/Pipeline/{closure}(Object(Illuminate/Http/Request))
#14 D:/Dokumen Sekolah 12/PKL/upj_tsm_k9/vendor/laravel/framework/src/Illuminate/Pipeline/Pipeline.php(209): Illuminate/Foundation/Http/Middleware/VerifyCsrfToken->handle(Object(Illuminate/Http/Request), Object(Closure))
#15 D:/Dokumen Sekolah 12/PKL/upj_tsm_k9/vendor/laravel/framework/src/Illuminate/View/Middleware/ShareErrorsFromSession.php(49): Illuminate/Pipeline/Pipeline->Illuminate/Pipeline/{closure}(Object(Illuminate/Http/Request))
#16 D:/Dokumen Sekolah 12/PKL/upj_tsm_k9/vendor/laravel/framework/src/Illuminate/Pipeline/Pipeline.php(209): Illuminate/View/Middleware/ShareErrorsFromSession->handle(Object(Illuminate/Http/Request), Object(Closure))
#17 D:/Dokumen Sekolah 12/PKL/upj_tsm_k9/vendor/laravel/framework/src/Illuminate/Session/Middleware/StartSession.php(121): Illuminate/Pipeline/Pipeline->Illuminate/Pipeline/{closure}(Object(Illuminate/Http/Request))
#18 D:/Dokumen Sekolah 12/PKL/upj_tsm_k9/vendor/laravel/framework/src/Illuminate/Session/Middleware/StartSession.php(64): Illuminate/Session/Middleware/StartSession->handleStatefulRequest(Object(Illuminate/Http/Request), Object(Illuminate/Session/Store), Object(Closure))
#19 D:/Dokumen Sekolah 12/PKL/upj_tsm_k9/vendor/laravel/framework/src/Illuminate/Pipeline/Pipeline.php(209): Illuminate/Session/Middleware/StartSession->handle(Object(Illuminate/Http/Request), Object(Closure))
#20 D:/Dokumen Sekolah 12/PKL/upj_tsm_k9/vendor/laravel/framework/src/Illuminate/Cookie/Middleware/AddQueuedCookiesToResponse.php(37): Illuminate/Pipeline/Pipeline->Illuminate/Pipeline/{closure}(Object(Illuminate/Http/Request))
#21 D:/Dokumen Sekolah 12/PKL/upj_tsm_k9/vendor/laravel/framework/src/Illuminate/Pipeline/Pipeline.php(209): Illuminate/Cookie/Middleware/AddQueuedCookiesToResponse->handle(Object(Illuminate/Http/Request), Object(Closure))
#22 D:/Dokumen Sekolah 12/PKL/upj_tsm_k9/vendor/laravel/framework/src/Illuminate/Cookie/Middleware/EncryptCookies.php(75): Illuminate/Pipeline/Pipeline->Illuminate/Pipeline/{closure}(Object(Illuminate/Http/Request))
#23 D:/Dokumen Sekolah 12/PKL/upj_tsm_k9/vendor/laravel/framework/src/Illuminate/Pipeline/Pipeline.php(209): Illuminate/Cookie/Middleware/EncryptCookies->handle(Object(Illuminate/Http/Request), Object(Closure))
#24 D:/Dokumen Sekolah 12/PKL/upj_tsm_k9/vendor/laravel/framework/src/Illuminate/Pipeline/Pipeline.php(127): Illuminate/Pipeline/Pipeline->Illuminate/Pipeline/{closure}(Object(Illuminate/Http/Request))
#25 D:/Dokumen Sekolah 12/PKL/upj_tsm_k9/vendor/laravel/framework/src/Illuminate/Routing/Router.php(807): Illuminate/Pipeline/Pipeline->then(Object(Closure))
#26 D:/Dokumen Sekolah 12/PKL/upj_tsm_k9/vendor/laravel/framework/src/Illuminate/Routing/Router.php(786): Illuminate/Routing/Router->runRouteWithinStack(Object(Illuminate/Routing/Route), Object(Illuminate/Http/Request))
#27 D:/Dokumen Sekolah 12/PKL/upj_tsm_k9/vendor/laravel/framework/src/Illuminate/Routing/Router.php(750): Illuminate/Routing/Router->runRoute(Object(Illuminate/Http/Request), Object(Illuminate/Routing/Route))
#28 D:/Dokumen Sekolah 12/PKL/upj_tsm_k9/vendor/laravel/framework/src/Illuminate/Routing/Router.php(739): Illuminate/Routing/Router->dispatchToRoute(Object(Illuminate/Http/Request))
#29 D:/Dokumen Sekolah 12/PKL/upj_tsm_k9/vendor/laravel/framework/src/Illuminate/Foundation/Http/Kernel.php(201): Illuminate/Routing/Router->dispatch(Object(Illuminate/Http/Request))
#30 D:/Dokumen Sekolah 12/PKL/upj_tsm_k9/vendor/laravel/framework/src/Illuminate/Pipeline/Pipeline.php(170): Illuminate/Foundation/Http/Kernel->Illuminate/Foundation/Http/{closure}(Object(Illuminate/Http/Request))
#31 D:/Dokumen Sekolah 12/PKL/upj_tsm_k9/vendor/livewire/livewire/src/Features/SupportDisablingBackButtonCache/DisableBackButtonCacheMiddleware.php(19): Illuminate/Pipeline/Pipeline->Illuminate/Pipeline/{closure}(Object(Illuminate/Http/Request))
#32 D:/Dokumen Sekolah 12/PKL/upj_tsm_k9/vendor/laravel/framework/src/Illuminate/Pipeline/Pipeline.php(209): Livewire/Features/SupportDisablingBackButtonCache/DisableBackButtonCacheMiddleware->handle(Object(Illuminate/Http/Request), Object(Closure))
#33 D:/Dokumen Sekolah 12/PKL/upj_tsm_k9/vendor/laravel/framework/src/Illuminate/Foundation/Http/Middleware/TransformsRequest.php(21): Illuminate/Pipeline/Pipeline->Illuminate/Pipeline/{closure}(Object(Illuminate/Http/Request))
#34 D:/Dokumen Sekolah 12/PKL/upj_tsm_k9/vendor/laravel/framework/src/Illuminate/Foundation/Http/Middleware/ConvertEmptyStringsToNull.php(31): Illuminate/Foundation/Http/Middleware/TransformsRequest->handle(Object(Illuminate/Http/Request), Object(Closure))
#35 D:/Dokumen Sekolah 12/PKL/upj_tsm_k9/vendor/laravel/framework/src/Illuminate/Pipeline/Pipeline.php(209): Illuminate/Foundation/Http/Middleware/ConvertEmptyStringsToNull->handle(Object(Illuminate/Http/Request), Object(Closure))
#36 D:/Dokumen Sekolah 12/PKL/upj_tsm_k9/vendor/laravel/framework/src/Illuminate/Foundation/Http/Middleware/TransformsRequest.php(21): Illuminate/Pipeline/Pipeline->Illuminate/Pipeline/{closure}(Object(Illuminate/Http/Request))
#37 D:/Dokumen Sekolah 12/PKL/upj_tsm_k9/vendor/laravel/framework/src/Illuminate/Foundation/Http/Middleware/TrimStrings.php(51): Illuminate/Foundation/Http/Middleware/TransformsRequest->handle(Object(Illuminate/Http/Request), Object(Closure))
#38 D:/Dokumen Sekolah 12/PKL/upj_tsm_k9/vendor/laravel/framework/src/Illuminate/Pipeline/Pipeline.php(209): Illuminate/Foundation/Http/Middleware/TrimStrings->handle(Object(Illuminate/Http/Request), Object(Closure))
#39 D:/Dokumen Sekolah 12/PKL/upj_tsm_k9/vendor/laravel/framework/src/Illuminate/Http/Middleware/ValidatePostSize.php(27): Illuminate/Pipeline/Pipeline->Illuminate/Pipeline/{closure}(Object(Illuminate/Http/Request))
#40 D:/Dokumen Sekolah 12/PKL/upj_tsm_k9/vendor/laravel/framework/src/Illuminate/Pipeline/Pipeline.php(209): Illuminate/Http/Middleware/ValidatePostSize->handle(Object(Illuminate/Http/Request), Object(Closure))
#41 D:/Dokumen Sekolah 12/PKL/upj_tsm_k9/vendor/laravel/framework/src/Illuminate/Foundation/Http/Middleware/PreventRequestsDuringMaintenance.php(110): Illuminate/Pipeline/Pipeline->Illuminate/Pipeline/{closure}(Object(Illuminate/Http/Request))
#42 D:/Dokumen Sekolah 12/PKL/upj_tsm_k9/vendor/laravel/framework/src/Illuminate/Pipeline/Pipeline.php(209): Illuminate/Foundation/Http/Middleware/PreventRequestsDuringMaintenance->handle(Object(Illuminate/Http/Request), Object(Closure))
#43 D:/Dokumen Sekolah 12/PKL/upj_tsm_k9/vendor/laravel/framework/src/Illuminate/Http/Middleware/HandleCors.php(49): Illuminate/Pipeline/Pipeline->Illuminate/Pipeline/{closure}(Object(Illuminate/Http/Request))
#44 D:/Dokumen Sekolah 12/PKL/upj_tsm_k9/vendor/laravel/framework/src/Illuminate/Pipeline/Pipeline.php(209): Illuminate/Http/Middleware/HandleCors->handle(Object(Illuminate/Http/Request), Object(Closure))
#45 D:/Dokumen Sekolah 12/PKL/upj_tsm_k9/vendor/laravel/framework/src/Illuminate/Http/Middleware/TrustProxies.php(58): Illuminate/Pipeline/Pipeline->Illuminate/Pipeline/{closure}(Object(Illuminate/Http/Request))
#46 D:/Dokumen Sekolah 12/PKL/upj_tsm_k9/vendor/laravel/framework/src/Illuminate/Pipeline/Pipeline.php(209): Illuminate/Http/Middleware/TrustProxies->handle(Object(Illuminate/Http/Request), Object(Closure))
#47 D:/Dokumen Sekolah 12/PKL/upj_tsm_k9/vendor/laravel/framework/src/Illuminate/Foundation/Http/Middleware/InvokeDeferredCallbacks.php(22): Illuminate/Pipeline/Pipeline->Illuminate/Pipeline/{closure}(Object(Illuminate/Http/Request))
#48 D:/Dokumen Sekolah 12/PKL/upj_tsm_k9/vendor/laravel/framework/src/Illuminate/Pipeline/Pipeline.php(209): Illuminate/Foundation/Http/Middleware/InvokeDeferredCallbacks->handle(Object(Illuminate/Http/Request), Object(Closure))
#49 D:/Dokumen Sekolah 12/PKL/upj_tsm_k9/vendor/laravel/framework/src/Illuminate/Pipeline/Pipeline.php(127): Illuminate/Pipeline/Pipeline->Illuminate/Pipeline/{closure}(Object(Illuminate/Http/Request))
#50 D:/Dokumen Sekolah 12/PKL/upj_tsm_k9/vendor/laravel/framework/src/Illuminate/Foundation/Http/Kernel.php(176): Illuminate/Pipeline/Pipeline->then(Object(Closure))
#51 D:/Dokumen Sekolah 12/PKL/upj_tsm_k9/vendor/laravel/framework/src/Illuminate/Foundation/Http/Kernel.php(145): Illuminate/Foundation/Http/Kernel->sendRequestThroughRouter(Object(Illuminate/Http/Request))
#52 D:/Dokumen Sekolah 12/PKL/upj_tsm_k9/vendor/laravel/framework/src/Illuminate/Foundation/Application.php(1220): Illuminate/Foundation/Http/Kernel->handle(Object(Illuminate/Http/Request))
#53 D:/Dokumen Sekolah 12/PKL/upj_tsm_k9/public/index.php(17): Illuminate/Foundation/Application->handleRequest(Object(Illuminate/Http/Request))
#54 D:/Dokumen Sekolah 12/PKL/upj_tsm_k9/vendor/laravel/framework/src/Illuminate/Foundation/resources/server.php(23): require_once('D://Dokumen Seko...')
#55 {main}
"} 
[2026-04-28 14:14:39] local.ERROR: The process ""C:\Program Files\nodejs\\node.EXE" "D:\Dokumen Sekolah 12\PKL\upj_tsm_k9\vendor\spatie\browsershot\src/../bin/browser.cjs" "{""url"":""file:\/\/C:\\Users\\ZAKI\\AppData\\Local\\Temp\\1410041715-0460587001777360359\\index.html"",""action"":""pdf"",""options"":{""args"":[""--no-sandbox"",""--disable-setuid-sandbox""],""viewport"":{""width"":800,""height"":600},""displayHeaderFooter"":false,""executablePath"":""C:\\Program Files\\Google\\Chrome\\Application\\chrome.exe"",""format"":""A4"",""timeout"":120000,""printBackground"":true}}"" exceeded the timeout of 120 seconds. {"userId":6,"exception":"[object] (Symfony\\Component\\Process\\Exception\\ProcessTimedOutException(code: 0): The process \"\"C:\\Program Files\\nodejs\\\\node.EXE\" \"D:\\Dokumen Sekolah 12\\PKL\\upj_tsm_k9\\vendor\\spatie\\browsershot\\src/../bin/browser.cjs\" \"{\"\"url\"\":\"\"file:\\/\\/C:\\\\Users\\\\ZAKI\\\\AppData\\\\Local\\\\Temp\\\\1410041715-0460587001777360359\\\\index.html\"\",\"\"action\"\":\"\"pdf\"\",\"\"options\"\":{\"\"args\"\":[\"\"--no-sandbox\"\",\"\"--disable-setuid-sandbox\"\"],\"\"viewport\"\":{\"\"width\"\":800,\"\"height\"\":600},\"\"displayHeaderFooter\"\":false,\"\"executablePath\"\":\"\"C:\\\\Program Files\\\\Google\\\\Chrome\\\\Application\\\\chrome.exe\"\",\"\"format\"\":\"\"A4\"\",\"\"timeout\"\":120000,\"\"printBackground\"\":true}}\"\" exceeded the timeout of 120 seconds. at D:/Dokumen Sekolah 12/PKL/upj_tsm_k9/vendor/symfony/process/Process.php:1196)
[stacktrace]
#0 D:/Dokumen Sekolah 12/PKL/upj_tsm_k9/vendor/symfony/process/Process.php(462): Symfony/Component/Process/Process->checkTimeout()
#1 D:/Dokumen Sekolah 12/PKL/upj_tsm_k9/vendor/symfony/process/Process.php(254): Symfony/Component/Process/Process->wait()
#2 D:/Dokumen Sekolah 12/PKL/upj_tsm_k9/vendor/spatie/browsershot/src/Browsershot.php(1125): Symfony/Component/Process/Process->run()
#3 D:/Dokumen Sekolah 12/PKL/upj_tsm_k9/vendor/spatie/browsershot/src/Browsershot.php(740): Spatie/Browsershot/Browsershot->callBrowser(Array)
#4 D:/Dokumen Sekolah 12/PKL/upj_tsm_k9/app/Http/Controllers/CetakController.php(34): Spatie/Browsershot/Browsershot->pdf()
#5 D:/Dokumen Sekolah 12/PKL/upj_tsm_k9/vendor/laravel/framework/src/Illuminate/Routing/ControllerDispatcher.php(47): App/Http/Controllers/CetakController->print('1')
#6 D:/Dokumen Sekolah 12/PKL/upj_tsm_k9/vendor/laravel/framework/src/Illuminate/Routing/Route.php(266): Illuminate/Routing/ControllerDispatcher->dispatch(Object(Illuminate/Routing/Route), Object(App/Http/Controllers/CetakController), 'print')
#7 D:/Dokumen Sekolah 12/PKL/upj_tsm_k9/vendor/laravel/framework/src/Illuminate/Routing/Route.php(212): Illuminate/Routing/Route->runController()
#8 D:/Dokumen Sekolah 12/PKL/upj_tsm_k9/vendor/laravel/framework/src/Illuminate/Routing/Router.php(808): Illuminate/Routing/Route->run()
#9 D:/Dokumen Sekolah 12/PKL/upj_tsm_k9/vendor/laravel/framework/src/Illuminate/Pipeline/Pipeline.php(170): Illuminate/Routing/Router->Illuminate/Routing/{closure}(Object(Illuminate/Http/Request))
#10 D:/Dokumen Sekolah 12/PKL/upj_tsm_k9/app/Http/Middleware/SecurityHeaders.php(13): Illuminate/Pipeline/Pipeline->Illuminate/Pipeline/{closure}(Object(Illuminate/Http/Request))
#11 D:/Dokumen Sekolah 12/PKL/upj_tsm_k9/vendor/laravel/framework/src/Illuminate/Pipeline/Pipeline.php(209): App/Http/Middleware/SecurityHeaders->handle(Object(Illuminate/Http/Request), Object(Closure))
#12 D:/Dokumen Sekolah 12/PKL/upj_tsm_k9/vendor/laravel/framework/src/Illuminate/Routing/Middleware/SubstituteBindings.php(51): Illuminate/Pipeline/Pipeline->Illuminate/Pipeline/{closure}(Object(Illuminate/Http/Request))
#13 D:/Dokumen Sekolah 12/PKL/upj_tsm_k9/vendor/laravel/framework/src/Illuminate/Pipeline/Pipeline.php(209): Illuminate/Routing/Middleware/SubstituteBindings->handle(Object(Illuminate/Http/Request), Object(Closure))
#14 D:/Dokumen Sekolah 12/PKL/upj_tsm_k9/vendor/laravel/framework/src/Illuminate/Auth/Middleware/Authenticate.php(64): Illuminate/Pipeline/Pipeline->Illuminate/Pipeline/{closure}(Object(Illuminate/Http/Request))
#15 D:/Dokumen Sekolah 12/PKL/upj_tsm_k9/vendor/laravel/framework/src/Illuminate/Pipeline/Pipeline.php(209): Illuminate/Auth/Middleware/Authenticate->handle(Object(Illuminate/Http/Request), Object(Closure))
#16 D:/Dokumen Sekolah 12/PKL/upj_tsm_k9/vendor/laravel/framework/src/Illuminate/Foundation/Http/Middleware/VerifyCsrfToken.php(88): Illuminate/Pipeline/Pipeline->Illuminate/Pipeline/{closure}(Object(Illuminate/Http/Request))
#17 D:/Dokumen Sekolah 12/PKL/upj_tsm_k9/vendor/laravel/framework/src/Illuminate/Pipeline/Pipeline.php(209): Illuminate/Foundation/Http/Middleware/VerifyCsrfToken->handle(Object(Illuminate/Http/Request), Object(Closure))
#18 D:/Dokumen Sekolah 12/PKL/upj_tsm_k9/vendor/laravel/framework/src/Illuminate/View/Middleware/ShareErrorsFromSession.php(49): Illuminate/Pipeline/Pipeline->Illuminate/Pipeline/{closure}(Object(Illuminate/Http/Request))
#19 D:/Dokumen Sekolah 12/PKL/upj_tsm_k9/vendor/laravel/framework/src/Illuminate/Pipeline/Pipeline.php(209): Illuminate/View/Middleware/ShareErrorsFromSession->handle(Object(Illuminate/Http/Request), Object(Closure))
#20 D:/Dokumen Sekolah 12/PKL/upj_tsm_k9/vendor/laravel/framework/src/Illuminate/Session/Middleware/StartSession.php(121): Illuminate/Pipeline/Pipeline->Illuminate/Pipeline/{closure}(Object(Illuminate/Http/Request))
#21 D:/Dokumen Sekolah 12/PKL/upj_tsm_k9/vendor/laravel/framework/src/Illuminate/Session/Middleware/StartSession.php(64): Illuminate/Session/Middleware/StartSession->handleStatefulRequest(Object(Illuminate/Http/Request), Object(Illuminate/Session/Store), Object(Closure))
#22 D:/Dokumen Sekolah 12/PKL/upj_tsm_k9/vendor/laravel/framework/src/Illuminate/Pipeline/Pipeline.php(209): Illuminate/Session/Middleware/StartSession->handle(Object(Illuminate/Http/Request), Object(Closure))
#23 D:/Dokumen Sekolah 12/PKL/upj_tsm_k9/vendor/laravel/framework/src/Illuminate/Cookie/Middleware/AddQueuedCookiesToResponse.php(37): Illuminate/Pipeline/Pipeline->Illuminate/Pipeline/{closure}(Object(Illuminate/Http/Request))
#24 D:/Dokumen Sekolah 12/PKL/upj_tsm_k9/vendor/laravel/framework/src/Illuminate/Pipeline/Pipeline.php(209): Illuminate/Cookie/Middleware/AddQueuedCookiesToResponse->handle(Object(Illuminate/Http/Request), Object(Closure))
#25 D:/Dokumen Sekolah 12/PKL/upj_tsm_k9/vendor/laravel/framework/src/Illuminate/Cookie/Middleware/EncryptCookies.php(75): Illuminate/Pipeline/Pipeline->Illuminate/Pipeline/{closure}(Object(Illuminate/Http/Request))
#26 D:/Dokumen Sekolah 12/PKL/upj_tsm_k9/vendor/laravel/framework/src/Illuminate/Pipeline/Pipeline.php(209): Illuminate/Cookie/Middleware/EncryptCookies->handle(Object(Illuminate/Http/Request), Object(Closure))
#27 D:/Dokumen Sekolah 12/PKL/upj_tsm_k9/vendor/laravel/framework/src/Illuminate/Pipeline/Pipeline.php(127): Illuminate/Pipeline/Pipeline->Illuminate/Pipeline/{closure}(Object(Illuminate/Http/Request))
#28 D:/Dokumen Sekolah 12/PKL/upj_tsm_k9/vendor/laravel/framework/src/Illuminate/Routing/Router.php(807): Illuminate/Pipeline/Pipeline->then(Object(Closure))
#29 D:/Dokumen Sekolah 12/PKL/upj_tsm_k9/vendor/laravel/framework/src/Illuminate/Routing/Router.php(786): Illuminate/Routing/Router->runRouteWithinStack(Object(Illuminate/Routing/Route), Object(Illuminate/Http/Request))
#30 D:/Dokumen Sekolah 12/PKL/upj_tsm_k9/vendor/laravel/framework/src/Illuminate/Routing/Router.php(750): Illuminate/Routing/Router->runRoute(Object(Illuminate/Http/Request), Object(Illuminate/Routing/Route))
#31 D:/Dokumen Sekolah 12/PKL/upj_tsm_k9/vendor/laravel/framework/src/Illuminate/Routing/Router.php(739): Illuminate/Routing/Router->dispatchToRoute(Object(Illuminate/Http/Request))
#32 D:/Dokumen Sekolah 12/PKL/upj_tsm_k9/vendor/laravel/framework/src/Illuminate/Foundation/Http/Kernel.php(201): Illuminate/Routing/Router->dispatch(Object(Illuminate/Http/Request))
#33 D:/Dokumen Sekolah 12/PKL/upj_tsm_k9/vendor/laravel/framework/src/Illuminate/Pipeline/Pipeline.php(170): Illuminate/Foundation/Http/Kernel->Illuminate/Foundation/Http/{closure}(Object(Illuminate/Http/Request))
#34 D:/Dokumen Sekolah 12/PKL/upj_tsm_k9/vendor/livewire/livewire/src/Features/SupportDisablingBackButtonCache/DisableBackButtonCacheMiddleware.php(19): Illuminate/Pipeline/Pipeline->Illuminate/Pipeline/{closure}(Object(Illuminate/Http/Request))
#35 D:/Dokumen Sekolah 12/PKL/upj_tsm_k9/vendor/laravel/framework/src/Illuminate/Pipeline/Pipeline.php(209): Livewire/Features/SupportDisablingBackButtonCache/DisableBackButtonCacheMiddleware->handle(Object(Illuminate/Http/Request), Object(Closure))
#36 D:/Dokumen Sekolah 12/PKL/upj_tsm_k9/vendor/laravel/framework/src/Illuminate/Foundation/Http/Middleware/TransformsRequest.php(21): Illuminate/Pipeline/Pipeline->Illuminate/Pipeline/{closure}(Object(Illuminate/Http/Request))
#37 D:/Dokumen Sekolah 12/PKL/upj_tsm_k9/vendor/laravel/framework/src/Illuminate/Foundation/Http/Middleware/ConvertEmptyStringsToNull.php(31): Illuminate/Foundation/Http/Middleware/TransformsRequest->handle(Object(Illuminate/Http/Request), Object(Closure))
#38 D:/Dokumen Sekolah 12/PKL/upj_tsm_k9/vendor/laravel/framework/src/Illuminate/Pipeline/Pipeline.php(209): Illuminate/Foundation/Http/Middleware/ConvertEmptyStringsToNull->handle(Object(Illuminate/Http/Request), Object(Closure))
#39 D:/Dokumen Sekolah 12/PKL/upj_tsm_k9/vendor/laravel/framework/src/Illuminate/Foundation/Http/Middleware/TransformsRequest.php(21): Illuminate/Pipeline/Pipeline->Illuminate/Pipeline/{closure}(Object(Illuminate/Http/Request))
#40 D:/Dokumen Sekolah 12/PKL/upj_tsm_k9/vendor/laravel/framework/src/Illuminate/Foundation/Http/Middleware/TrimStrings.php(51): Illuminate/Foundation/Http/Middleware/TransformsRequest->handle(Object(Illuminate/Http/Request), Object(Closure))
#41 D:/Dokumen Sekolah 12/PKL/upj_tsm_k9/vendor/laravel/framework/src/Illuminate/Pipeline/Pipeline.php(209): Illuminate/Foundation/Http/Middleware/TrimStrings->handle(Object(Illuminate/Http/Request), Object(Closure))
#42 D:/Dokumen Sekolah 12/PKL/upj_tsm_k9/vendor/laravel/framework/src/Illuminate/Http/Middleware/ValidatePostSize.php(27): Illuminate/Pipeline/Pipeline->Illuminate/Pipeline/{closure}(Object(Illuminate/Http/Request))
#43 D:/Dokumen Sekolah 12/PKL/upj_tsm_k9/vendor/laravel/framework/src/Illuminate/Pipeline/Pipeline.php(209): Illuminate/Http/Middleware/ValidatePostSize->handle(Object(Illuminate/Http/Request), Object(Closure))
#44 D:/Dokumen Sekolah 12/PKL/upj_tsm_k9/vendor/laravel/framework/src/Illuminate/Foundation/Http/Middleware/PreventRequestsDuringMaintenance.php(110): Illuminate/Pipeline/Pipeline->Illuminate/Pipeline/{closure}(Object(Illuminate/Http/Request))
#45 D:/Dokumen Sekolah 12/PKL/upj_tsm_k9/vendor/laravel/framework/src/Illuminate/Pipeline/Pipeline.php(209): Illuminate/Foundation/Http/Middleware/PreventRequestsDuringMaintenance->handle(Object(Illuminate/Http/Request), Object(Closure))
#46 D:/Dokumen Sekolah 12/PKL/upj_tsm_k9/vendor/laravel/framework/src/Illuminate/Http/Middleware/HandleCors.php(49): Illuminate/Pipeline/Pipeline->Illuminate/Pipeline/{closure}(Object(Illuminate/Http/Request))
#47 D:/Dokumen Sekolah 12/PKL/upj_tsm_k9/vendor/laravel/framework/src/Illuminate/Pipeline/Pipeline.php(209): Illuminate/Http/Middleware/HandleCors->handle(Object(Illuminate/Http/Request), Object(Closure))
#48 D:/Dokumen Sekolah 12/PKL/upj_tsm_k9/vendor/laravel/framework/src/Illuminate/Http/Middleware/TrustProxies.php(58): Illuminate/Pipeline/Pipeline->Illuminate/Pipeline/{closure}(Object(Illuminate/Http/Request))
#49 D:/Dokumen Sekolah 12/PKL/upj_tsm_k9/vendor/laravel/framework/src/Illuminate/Pipeline/Pipeline.php(209): Illuminate/Http/Middleware/TrustProxies->handle(Object(Illuminate/Http/Request), Object(Closure))
#50 D:/Dokumen Sekolah 12/PKL/upj_tsm_k9/vendor/laravel/framework/src/Illuminate/Foundation/Http/Middleware/InvokeDeferredCallbacks.php(22): Illuminate/Pipeline/Pipeline->Illuminate/Pipeline/{closure}(Object(Illuminate/Http/Request))
#51 D:/Dokumen Sekolah 12/PKL/upj_tsm_k9/vendor/laravel/framework/src/Illuminate/Pipeline/Pipeline.php(209): Illuminate/Foundation/Http/Middleware/InvokeDeferredCallbacks->handle(Object(Illuminate/Http/Request), Object(Closure))
#52 D:/Dokumen Sekolah 12/PKL/upj_tsm_k9/vendor/laravel/framework/src/Illuminate/Pipeline/Pipeline.php(127): Illuminate/Pipeline/Pipeline->Illuminate/Pipeline/{closure}(Object(Illuminate/Http/Request))
#53 D:/Dokumen Sekolah 12/PKL/upj_tsm_k9/vendor/laravel/framework/src/Illuminate/Foundation/Http/Kernel.php(176): Illuminate/Pipeline/Pipeline->then(Object(Closure))
#54 D:/Dokumen Sekolah 12/PKL/upj_tsm_k9/vendor/laravel/framework/src/Illuminate/Foundation/Http/Kernel.php(145): Illuminate/Foundation/Http/Kernel->sendRequestThroughRouter(Object(Illuminate/Http/Request))
#55 D:/Dokumen Sekolah 12/PKL/upj_tsm_k9/vendor/laravel/framework/src/Illuminate/Foundation/Application.php(1220): Illuminate/Foundation/Http/Kernel->handle(Object(Illuminate/Http/Request))
#56 D:/Dokumen Sekolah 12/PKL/upj_tsm_k9/public/index.php(17): Illuminate/Foundation/Application->handleRequest(Object(Illuminate/Http/Request))
#57 D:/Dokumen Sekolah 12/PKL/upj_tsm_k9/vendor/laravel/framework/src/Illuminate/Foundation/resources/server.php(23): require_once('D://Dokumen Seko...')
#58 {main}
"} 
